ROI_ID,1,2,3,4,5,6,7,8,9,10,11,12,13,14,15,16,17,18,19,20,21,22,23,24,25,26,27,28,29,30,31,32,33,34,35,36,37,38,39,40,41,42,43,44,45,46,47,48,49,50,51,52,53,54,55,56,57,58,59,60,61,62,63,64,65,66,67,68,69,70,71,72,73,74,75,76,77,78,79,80,81,82,83,84,85,86,87,88,89,90,91,92,93,94,95,96,97,98,99,100,101,102,103,104,105,106,107,108,109,110,111,112,113,114,115,116,117,118,119,120,121,122,123,124,125,126,127,128,129,130,131,132,133,134,135,136,137,138,139,140,141,142,143
1,0,0,0,0,0,0,0,0,1.698729648e-05,0,8.332388461e-06,2.35430507e-05,0.005212158896,0.02209529281,0.0003543367784,1.372980933e-05,0,0,0,0,0,0,0,0,0,0,0,0,0,0,0,0,0,0,0,0,0,0,0,0,0,0,0,0.0007373113767,0.0001536053023,6.834800297e-05,0,0,0,1.561451973e-05,0,0.0001120384404,0,0,0,0,0,0,0,4.76085952e-05,0,0,0,0,0,0,0,0,0.0002692113048,0,0,0.000404079532,0.3609575331,0,0,0,0,0,0,0,0,0,0,0.0004662080028,0.06254136562,1.07396454e-05,4.704579987e-05,0,0,0,0,0,0,0,0,0,0,0,0,0,0,0,0,0,0,0,0,0,0,0,0,0,0,0,0,0,0,0,0,0,0,0,0,0,0,0,0,0,0,0,0,0,0,0,0,0,0,0,0,0,0,0,0
2,0,0,0,0,0,0,0,0,0,0,0,0,0.003747576382,0.002380952472,0,4.297537089e-05,0,0,0,0,0,0,0,0,0,0,0,0,0,0,0,0,0,0,0,0,0,0,0,0,0,0,0,0,0,0,0,0,0,0,0,0,0,0,0,0,0,0,0,0,0,0,0,0,0,0,0,0,0.0002073965006,0,0,0.001095610787,0.3532034159,0,0,0,0,0,0,0,0,0,0,0.004155889619,0.09195248038,0,3.261708116e-05,0,0,0,0,0,0,0,0,0,0,0,0,0,0,0,0,0,0,0,0,0,0,0,0,0,0,0,0,0,0,0,0,0,0,0,0,0,0,0,0,0,0,0,0,0,0,0,0,0,0,0,0,0,0,0,0
3,0,0,0,4.817547392e-07,0,0,0,0,3.706748248e-05,1.316740418e-05,3.562191705e-05,0,0.004552765284,0.004794172477,0.0001160542306,5.70096272e-05,0,0,0,0,0,0,0,0,0,0,0,0,0,0,0,0,0,0,0,0,0,0,0,0,0,0,0,0.00243776897,0.0006766913575,0.001082036411,0,0.0001390701364,0,0,0,8.506545419e-05,0,0,0,0.0001100775698,0,0.0001152346158,0,6.139348261e-05,0,1.36816916e-05,0,0,0,0,0.0002951477072,0,0.0002957248944,0,0,0.0007008053362,0.4872999489,0,0,1.946896191e-05,0,0,0,0,0,0,0.002380952472,0.002391390735,0.09629138559,0.0006599343033,0,0,0,0,0,0,0,0,0,0,0,0,0,0,0,0,0,0,0,0,0,0,0,0,0,0,1.260755471e-05,0,0,0,0,0,0,0,0,0,0,0,0,0,0,0,0,0,0,0,0,0,0,0,0,0,0,0,0,0,0
4,0,0,4.817547392e-07,0,0,0,0,0,1.258692919e-05,0,6.609515549e-05,3.13344708e-06,0.001492262236,0.003944333643,0,3.702785398e-05,0,0,0,0,0,0,0,0,0,0,0,0,0,0,0,0,0,0,0,0,0,0,0,0,0,0,0,0.005788213573,0.003415293759,0.0003688319121,0.000875181111,0.00203352957,0,0,0.0003533399722,0.002273798222,0,0,0,0,0,0,0,0.0003322100965,0,0,0,0,0,0,0.0006273293402,0.0008246097714,0.001143872505,0,0,0,0.462433964,0,0.0004556009953,0,0,0,4.787458238e-05,0,0,0,0.002380952472,0.0054733078,0.1252321452,0,0,0,0,0,0,0.0002926008601,0,0,0,0,0,0,0,0,0,0,0,0,0,0,0,0,0,0,0,0,0,0,0,0,0,0,0,0,0,0,0,0,0,0,0,0,0,0,0,0,0,0,0,0,0,0,0,0,0,0,0
5,0,0,0,0,0,0,0,0,2.243136805e-05,0,0,0.0001254735544,0.008398899809,0.05224832147,0,0.0001276568655,0,0,0,0,0,0,0,0,0,0,0,0,0,0,0,0,0,0,0,0,0,0,0,0,0,0,0,0.0005380371003,0.0001783752377,0,7.208859461e-05,0,0,0,0,2.125136962e-05,0,0,0,0,0,0,0,0.0001531532034,0,0,0,0,0,0,0.0009965387871,0,0.000259436958,0,0,0,0.3723447323,0,0,0,0,0,0,0,0,0,0,0.002606292022,0.07839228958,0.0009937989525,0.001226632739,0,0,0,0,0,0,0,0,0,0,0,0,0,0,0,0,0,0,0,0,0,0,0,0,0,0,0,0,0,0,0,0,0,0,0,0,0,0,0,0,0,0,0,0,0,0,0,0,0,0,0,0,0,0,0,0
6,0,0,0,0,0,0,0,0,0.0002881817927,0,0,0.0001294034155,0.004205476958,0.005170885008,0,0.0004265721946,0,0,0,0,0,0,0,0,0,0,0,0,0,0,0,0,0,0,0,0,0,0,0,0,0,0,0,0.001337231952,0.000966149033,0.002337346552,0,0.0004785269266,0.001655152533,0.00152919523,0,0,0,0,0,0,0,0,0,0,0,0,0,0,0,0,0,0,0.001250457135,0,0,0,0.4904179573,0,0,0.002380952472,0,0,0.002380952239,0,0,0,0,0.00389806577,0.1110697985,0.0008202067111,0,0,0,0,0,0,0,0,0,0,0,0,0,0,0,0,0,0,0,0,0,0.0001643905271,0,0,0,0,0,0,0,0,0,0,0,0,0,0,0,0,0,0,0,0,0,0,0,0,0,0,0,0,0,0,0,0,0,0,0
7,0,0,0,0,0,0,0,0,0.003581549507,0,0.0001460303611,0,0.005061793607,0.003184159053,0,0,0,0,0,0,0,0,0,0,0,0,0,0,0,0,0,0,0,0,0,0,0,0,0,0,0,0,0,0.005473516881,0,0,0,0.002380952472,0,0,0,0,0,0,0,0,0,0,0,0.002380952472,0,0,0,0,0,0,0,0,0.00160657696,0,0,0.001246809494,0.4972078204,0,0,0,0,0,0.001385390642,0,0,0,0,0.003008480649,0.1454748809,0,0.0001200875704,0,0,0,0,0,0,0,0,0,0,0,0,0,0,0,0,0,0,0,0,0,0,0,0,0,0,0,0,0,0,0,0,0,0,0,0,0,0,0,0,0,0,0,0,0,0,0,0,0,0,0,0,0,0,0,0
8,0,0,0,0,0,0,0,0,2.627358481e-05,0,2.044234861e-05,1.426490235e-05,0.002567136195,0.002883243375,8.061553672e-05,9.275670891e-05,0,0,0,0,0,0,0,0,0,0,7.380186162e-06,0,0,0,1.848336615e-05,0,0,0,0,0,0,0,0,0,0,0,0,0.005243774038,0.0003933548287,0.0006885259645,0.0003936148132,0.0002510515042,0.0002335623576,0.0001815619034,6.125474465e-05,8.922356938e-05,0,0,0,0,0,0,0,0.000163013683,0,0,0,1.39996373e-05,0,0,0,0,0.001150059747,0,0,5.433488695e-05,0.5095553994,0,0.0005079571274,0,0.000113782422,0,2.745272468e-05,0,0,0,0,0.005205724388,0.1326197833,0.0002657173318,0.003508539638,0,0,0,0,0,0,0,0,0,0,0,0,0,0,0,0,0,0,0,0,0,0,0,0,0,0,0,0,0,0,0,0,0,0,0,0,0,0,0,0,0,0,0,0,0,0,0,0,0,0,0,0,0,0,0,0
9,1.698729648e-05,0,3.706748248e-05,1.258692919e-05,2.243136805e-05,0.0002881817927,0.003581549507,2.627358481e-05,0,2.141518678e-07,0.0001168512172,2.9015564e-05,0.001629910199,0.0129077062,0.0002336560283,4.205399819e-05,0,0,0,0,0,0,0.0001531455055,0,0,0,3.970250418e-06,0,3.258206561e-05,1.14459508e-05,3.024878197e-06,0,0,0,0,0,0,0,0,0,0,0,0,0.008516980335,0.0009691175655,0.001170298317,0.000219280264,0.0004891156568,0.0004580715322,0.0002336875041,0.0001135854909,0.001834865659,7.775192353e-05,1.928585516e-05,1.929030805e-05,1.19588567e-05,1.184791472e-06,4.470458407e-06,3.177146937e-07,0.0003108275414,6.169972949e-06,2.00011109e-05,6.799426046e-05,9.3353392e-06,2.532853432e-05,1.837939408e-06,0.001330854953,0.0001498134807,0.001552899834,1.052474363e-05,7.17232183e-07,0.00243405276,0.6302874088,0.0001179287574,0.0001009280313,4.065517351e-05,1.288703515e-05,0,3.268622822e-05,8.165550389e-05,3.191280484e-06,5.682113988e-05,0.0005590089131,0.01000180654,0.2131191939,0.00311258994,0.0008251553518,1.207788682e-05,4.847526725e-05,8.753735301e-07,4.576805168e-06,0.0004813054693,7.777194696e-05,0,0.0002167427156,0,0,7.737114356e-05,2.588714779e-05,0.0001005319646,3.321162876e-05,6.63570172e-05,0,0,0,0,0,1.293652872e-06,0,0,5.363368473e-05,0,8.632239769e-06,7.137085049e-06,0,1.436842103e-05,0,1.759597399e-05,0,0,0,2.729315929e-05,0,0,0.0001677741529,9.170299018e-05,1.16570136e-05,0,2.643434891e-05,3.095244028e-05,0,0,0,5.313261499e-05,0,0,0,0,0,0,3.845758783e-06,0.0001091392478,1.826896005e-05
10,0,0,1.316740418e-05,0,0,0,0,0,2.141518678e-07,0,9.385226463e-07,0,0.0003761094704,0.006345382426,0,2.321018201e-06,0,0,0,0,0,0,0,0,0,0,0,0,0,0,0,0,0,0,0,0,0,0,0,0,0,0,0,0.001642878866,0.001238963217,0.0005319500924,0,0.001260623569,0.0003444719187,5.648545994e-05,0.0001084572286,0.000990753877,0,0,0,0,0,0,0,4.182018529e-05,0,0,0,0,0,0,4.606019502e-05,0,9.82006095e-05,0,0,0.0006622608053,0.4788686037,1.72401069e-05,2.157324161e-05,0,0,0,0,0,0,0.0001487690606,0,0.002355198376,0.2057658881,0.0007507235277,1.370840982e-05,0,0,0,0,0,0,0,0,0,0,0,0,0,0,0,0,0,0,0,0,0,0,0,0,0,0,0,0,0,0,0,0,0,0,0,0,0,0,0,0,0,0,0,0,0,0,0,0,0,0,0,0,0,0,0,0
11,8.332388461e-06,0,3.562191705e-05,6.609515549e-05,0,0,0.0001460303611,2.044234861e-05,0.0001168512172,9.385226463e-07,0,8.502071069e-06,0.007775223348,0.01074505132,1.613166023e-05,0.0001302028977,0,0,0,0,0,0,0,0,9.995838627e-05,0,4.641004489e-05,0,9.458369459e-05,0,0,0,0,0,0,0,0,0,0,0,0,0,0,0.005703321192,0.0007026439416,0.0005676916917,0.0001853564027,0.0003113339189,0.0003170554992,0.0001923975797,0.000106536354,0.0001762609172,4.237080702e-06,0,9.521660104e-06,1.395120853e-05,0,7.856540947e-07,3.533517372e-07,0.0001864680526,8.065582733e-06,1.293533023e-05,8.563508163e-05,1.668902041e-05,1.206780053e-05,2.167933417e-06,0.0002258098102,4.283385351e-05,0.0002783651871,0,5.205842513e-07,0.0004909560666,0.5813515186,2.53714461e-05,7.049705891e-05,5.694761057e-06,9.607229913e-06,6.87735735e-07,2.210450111e-05,3.623776865e-05,2.89569266e-06,7.093117893e-05,0.0003033286775,0.004894309677,0.1754263937,0.001093501458,5.435938874e-05,1.665336072e-06,9.861701074e-06,1.31770139e-06,1.934522288e-06,2.822289389e-05,9.335394861e-05,0,4.49460822e-05,0,0.000363007508,0,0,0,4.067350892e-05,0,0,0,0,0,0,3.017790732e-05,0,0,3.271444439e-05,0,5.005303319e-05,0,0,0,0,0,0,0,0,0,0,0,1.366849756e-05,0.0001195107907,0,0,3.916540663e-05,7.447476673e-05,1.422263904e-05,0,0,0,0,0,3.168796184e-06,0,0,0,1.909901948e-05,9.679140203e-05,2.49728746e-05
12,2.35430507e-05,0,0,3.13344708e-06,0.0001254735544,0.0001294034155,0,1.426490235e-05,2.9015564e-05,0,8.502071069e-06,0,0.00130491273,0.002981971949,1.237351353e-05,1.418575812e-05,0,0,0,0,0,0,0,0,0,0,1.55031637e-06,0,0,0,0,0,0,0,0,0,0,0,0,0,0,0,0,0.007107045967,0.001209319336,0.0004189097963,0.0004556360655,0.001283548423,0.00109516969,0.0001078759815,0.0001938449859,8.558588888e-05,0,0,0,0,0,0,3.693515396e-07,0.000106869491,1.113592862e-05,1.180912295e-05,6.587534244e-06,0,0,0,0.0001226095192,0,0.0004545033153,0,0,0.0008779301425,0.4846986234,5.427622091e-05,9.414499073e-05,0,0,0,2.985525862e-05,0,3.499836112e-06,3.113947241e-05,0.0003982275084,0.004874738865,0.1611767113,0.0008703780477,0.0003397795663,0,0,0,0,0.000277860905,0,0,0,0,0,0,0.0005680083996,0,0,0,0,0,0,0,0,0,0,0,0,0,0,0,0,0,0,0,0,0,0,0,0,0,0,0,0,0,0,0,0,0,0,0,0,0,0,0,0,0,0,0,0
13,0.005212158896,0.003747576382,0.004552765284,0.001492262236,0.008398899809,0.004205476958,0.005061793607,0.002567136195,0.001629910199,0.0003761094704,0.007775223348,0.00130491273,0,0.1511556208,0.01401622593,0.001188672031,0.001184330322,0,0.004761904944,0,4.689703928e-05,0,0,0,0.001243940555,0.0002001800312,0.002880377928,0.001537757926,0.001470927848,0.0006726165884,0.001586144906,0.000689641689,0,0.0005137501284,0.0008378289058,0.0006967379013,0,0.002380952239,0,0,0,0,0,0.07619778812,0.01049285755,0.01155800931,0.006074336357,0.007699521724,0.01972218975,0.008468327112,0.01418235805,0.029576445,0.006050362717,0.001493193675,0.001495815231,0.001354116132,0.0002365554392,0.0004811149556,0.0003880551376,0.00885204412,0.002662707353,0.002373480238,0.008163604885,0.002887211042,0.003435160732,0.0004042352084,0.01635281555,0.01002248097,0.03010765463,0.01258621365,0.008678314276,0.01400830038,0.5533818603,0.00955853425,0.004410963506,0.004061776679,0.007990256883,0.002902026987,0.006104428321,0.02982456051,0.04264025018,0.02654851973,0.01137165539,0.02064214088,0.2917554379,0.02090746723,0.01564073376,0.006370262709,0.04170017689,0.01111188903,0.001771867159,0.04526519775,0.03957408294,0.007022554986,0.006018439773,0.008998341858,0.00729107298,0.00707632862,0.008277718909,0.005231053103,0.007311080117,0.008766094223,0.003769408911,0.001622719225,0,0,0.001114888117,0.00183426775,0.004486258607,0.001211465336,0.002227268647,0,0.002402588958,0.002762997523,0,0.00153793057,0.0032236306,0.002286369912,0,0.001213324256,0.005849444307,0.007605509833,0.002883753506,0.0033630135,0.006101447158,0.002691554837,0.001080772839,0.001360838651,0.003801477375,0.008787636645,0.001600854797,0.00345534971,0.002894304227,0.003810819238,0.003756989259,0.003568799468,0.009035276249,0.009406158701,0.005600466859,0.001218919759,0.001122658257,0.007871674374,0.00288207503
14,0.02209529281,0.002380952472,0.004794172477,0.003944333643,0.05224832147,0.005170885008,0.003184159053,0.002883243375,0.0129077062,0.006345382426,0.01074505132,0.002981971949,0.1511556208,0,0.005981467199,0.005314860493,0.00136793009,0.002380952472,0.001617976348,0.0007302667946,0.005243958905,0,0.0009802614804,0,0.003565406427,0.001384236384,0.004796143156,0.002324540168,0.001108596451,0.002654741518,0.002061305102,0.002963730367,0.0008882088587,0,0.0001596843213,0.002046483802,0.0009985256474,0,0,0,0,0,0,0.3313208818,0.03626203164,0.04518184811,0.01416018605,0.02694195509,0.1111856773,0.01881639287,0.02065063082,0.06037333608,0.01121873595,0.00762236258,0.01070784964,0.02855053917,0.009909420274,0.005257767159,0.00710355863,0.0283002425,0.00780194439,0.009547421709,0.01434046589,0.004837222397,0.0321142897,0.009236741811,0.03616529703,0.02179941535,0.1760842055,0.008096814156,0.03269411251,0.07673975825,0.9203206897,0.02657905035,0.02153505199,0.02787503786,0.02498449199,0.01141009387,0.03092060052,0.04994167015,0.0936300382,0.04556717724,0.03754629195,0.07020802796,0.5628576875,0.05348053947,0.1214125082,0.02644371614,0.04872841015,0.02979022637,0.00922461506,0.2036455572,0.1065386385,0.04100148007,0.01771430112,0.01390893664,0.01457818132,0.0187967848,0.05078769103,0.001497729914,0.0253089983,0.04148907587,0.007572289556,0,0.002380952472,0.002380952472,0.001658470253,0.006128603127,0.01225872524,0,0.006987881847,0.002380952472,0.01221537217,0.01004697103,0,0.002241467126,0.006145236082,0.008080288768,0,0.004761904944,0,0.004761904944,0.008234621957,0.003711991245,0.007211900782,0.002380952472,0.002245507902,0,0.01037711557,0.007216126658,0.003823862877,0,0.002380952472,0.004574462771,0,0.002380952472,0.006108218804,0.00327773625,0.007627523039,0,0.004761904944,0.02282793075,0.007697061636
15,0.0003543367784,0,0.0001160542306,0,0,0,0,8.061553672e-05,0.0002336560283,0,1.613166023e-05,1.237351353e-05,0.01401622593,0.005981467199,0,1.105600313e-05,0,0,0,0,0,0,0,0,0,0,0,0,0,0,0,0,0,0,0,0,0,0,0,0,0,0,0,0.0136950789,0.001883055433,0.008860388771,0.002519262722,0.00378867914,0.002606195863,0.003420251422,0.001373220119,0.007142857648,0,0,0.001305536949,0,0,0,0,0.004825443029,0,0,0.0009160923655,0.0007728734636,0,0,0.002993739676,0.002380952472,0.01211259142,0,0,0.0006198690389,0.6728590131,0,0.003575880546,8.415082448e-06,0,0,0.0005184821784,0,0,0.0002845881972,0.003432848491,0.01393111609,0.372908622,0.007492063567,2.658051017e-05,0.0005132172373,0,0,0.0007119471557,0.001743171364,0,0,0,0,0,0.002380952472,0,0,0.002380952472,0,0,0,0,0,0,0,0,0,0.0002899780811,0,0,0,0,0,0,0,0,0,0,0,0,0,0,0,0,0,0,0,0,0,0,0.002380952472,0,0,0,0,0,0,0,0,0
16,1.372980933e-05,4.297537089e-05,5.70096272e-05,3.702785398e-05,0.0001276568655,0.0004265721946,0,9.275670891e-05,4.205399819e-05,2.321018201e-06,0.0001302028977,1.418575812e-05,0.001188672031,0.005314860493,1.105600313e-05,0,0,0,0,0,0,0,0,0,0,0,6.989078429e-06,0,4.847192395e-05,7.285066658e-06,0,2.446856342e-05,0,0,4.477703897e-06,1.203601278e-05,0,0,0,0,0,0,0,0.01169022731,0.001050012303,0.0009128315724,0.0002047599846,0.0005090960185,0.0006906573544,0.0001812989649,0.0001251828799,0.001548481523,0,7.731540245e-05,6.371660857e-05,8.9181367e-06,2.338318609e-06,2.656264223e-05,2.094626325e-06,0.0003798400576,0,5.01299437e-05,9.318663069e-05,2.963748739e-05,0.0001146694776,1.756368511e-05,0.0009937408613,0.0003103297495,0.002331436146,2.205312558e-05,4.317688763e-06,0.002335907193,0.6670331359,0.0003013511014,0.0001298436837,0.0001326398924,1.383550989e-05,1.705003524e-05,7.044928498e-05,0.0001327605278,1.498916026e-05,9.467156633e-05,0.001507808687,0.01273124851,0.2184902579,0.00339419744,0.001575557631,3.443122478e-05,0.0002861077373,0,3.715035973e-06,0.0004596313811,0.0001384383795,0,0.0001679009729,0,0,0,0,0,0,2.431505527e-05,0.0001272675872,0.0002948236943,0,0,0,2.723010766e-05,0,0,0.0001317864808,0,3.335426663e-05,2.613813922e-05,0,0,0,0,0,6.921992463e-05,0,0,0,0,0,0,4.812253974e-05,0,3.191295036e-05,0.000406923471,0,0,0,0,0,0,0,0,2.605810369e-05,0,6.011153891e-05,6.208018749e-05,3.670018123e-05
17,0,0,0,0,0,0,0,0,0,0,0,0,0.001184330322,0.00136793009,0,0,0,0,0,0,0,0,0,0,0,0,0,0,0,0,0,0,0,0,0,0,0,0,0,0,0,0,0,0,0,0,0,0,0,0,0,0,0,0,0,0,0,0,0,0,0,0,0,0,0,0,0,0,0,0,0,0,0.25893417,0,0,0,0,0,0,0,0,0,0,0,0.04226987064,0,0,0,0,0,0,0,0,0,0,0,0,0,0,0,0,0,0,0,0,0,0,0,0,0,0,0,0,0,0,0,0,0,0,0,0,0,0,0,0,0,0,0,0,0,0,0,0,0,0,0,0,0,0,0,0,0,0
18,0,0,0,0,0,0,0,0,0,0,0,0,0,0.002380952472,0,0,0,0,0,0,0,0,0,0,0,0,0,0,0,0,0,0,0,0,0,0,0,0,0,0,0,0,0,0,0,0,0,0,0,0,0,0,0,0,0,0,0,0,0,0,0,0,0,0,0,0,0,0,0,0,0,0,0.1586763114,0,0,0,0,0,0,0,0,0,0,0.002380952472,0.03882201388,0,0,0,0,0,0,0,0,0,0,0,0,0,0,0,0,0,0,0,0,0,0,0,0,0,0,0,0,0,0,0,0,0,0,0,0,0,0,0,0,0,0,0,0,0,0,0,0,0,0,0,0,0,0,0,0,0,0
19,0,0,0,0,0,0,0,0,0,0,0,0,0.004761904944,0.001617976348,0,0,0,0,0,0,0,0,0,0,0,0,0,0,0,0,0,0,0,0,0,0,0,0,0,0,0,0,0,0,0,0,0,0.001264361897,0,0,0,0,0,0,0,0,0,0,0,0,0,0,0,0,0,0,0,0,0,0,0,0,0.1832568645,0,0,0,0,0,0,0,0,0,0,0,0.03470719233,0,0,0,0,0,0,0,0,0,0,0,0,0,0,0,0,0,0,0,0,0,0,0,0,0,0,0,0,0,0,0,0,0,0,0,0,0,0,0,0,0,0,0,0,0,0,0,0,0,0,0,0,0,0,0,0,0,0
20,0,0,0,0,0,0,0,0,0,0,0,0,0,0.0007302667946,0,0,0,0,0,0,0,0,0,0,0,0,0,0,0,0,0,0,0,0,0,0,0,0,0,0,0,0,0,0.0006517881411,0,0,0,0,0,0,0,0,0,0,0,0,0,0,0,0,0,0,0,0,0,0,0,0,0.001528876484,0,0,0,0.2353622019,0,0,0,0,0,0,0,0,0,0,0,0.04781243578,0,0,0,0,0,0,0,0,0,0,0,0,0,0,0,0,0,0,0,0,0,0,0,0,0,0,0,0,0,0,0,0,0,0,0,0,0,0,0,0,0,0,0,0,0,0,0,0,0,0,0,0,0,0,0,0,0,0
21,0,0,0,0,0,0,0,0,0,0,0,0,4.689703928e-05,0.005243958905,0,0,0,0,0,0,0,0,0,0,0,0,0,0,0,0,0,0,0,0,0,0,0,0,0,0,0,0,0,0,0,0,0,0,0,0,0,0,0,0,0,0,0,0,0,0,0,0,0,0,0,0,0,0,0,0,0,0,0.2327683419,0,0,0,0,0,0,0,0,0,0,0.002380952472,0.04579448327,0,0,0,0,0,0,0,0,0,0,0,0,0,0,0,0,0,0,0,0,0,0,0,0,0,0,0,0,0,0,0,0,0,0,0,0,0,0,0,0,0,0,0,0,0,0,0,0,0,0,0,0,0,0,0,0,0,0
22,0,0,0,0,0,0,0,0,0,0,0,0,0,0,0,0,0,0,0,0,0,0,0,0,0,0,0,0,0,0,0,0,0,0,0,0,0,0,0,0,0,0,0,0,0,0,0,0,0,0.0008600440924,0,0,0,0,0,0,0,0,0,0,0,0,0,0,0,0,0,0,0,0,0,0,0.1840349585,0,0,0,0,0,0,0,0,0,0,0,0.01157893986,0,0,0,0,0,0,0,0,0,0,0,0,0,0,0,0,0,0,0,0,0,0,0,0,0,0,0,0,0,0,0,0,0,0,0,0,0,0,0,0,0,0,0,0,0,0,0,0,0,0,0,0,0,0,0,0,0,0
23,0,0,0,0,0,0,0,0,0.0001531455055,0,0,0,0,0.0009802614804,0,0,0,0,0,0,0,0,0,0,0,0,0,0,0,0,0,0,0,0,0,0,0,0,0,0,0,0,0,0,0,0,0,0,0,0,0,0,0,0,0,0,0,0,0,0,0,0,0,0,0,0,0,0,0,0,0,0,0.07504303008,0,0,0,0,0,0,0,0,0,0,0,0.02380952425,0,0,0,0,0,0,0,0,0,0,0,0,0,0,0,0,0,0,0,0,0,0,0,0,0,0,0,0,0,0,0,0,0,0,0,0,0,0,0,0,0,0,0,0,0,0,0,0,0,0,0,0,0,0,0,0,0,0
24,0,0,0,0,0,0,0,0,0,0,0,0,0,0,0,0,0,0,0,0,0,0,0,0,0,0,0,0,0,0,0,0,0,0,0,0,0,0,0,0,0,0,0,0,0,0,0,0,0,0,0,0,0,0,0,0,0,0,0,0,0,0,0,0,0,0,0,0,0,0,0,0,0.04746094719,0,0,0,0,0,0,0,0,0,0,0,0.008451380767,0,0,0,0,0,0,0,0,0,0,0,0,0,0,0,0,0,0,0,0,0,0,0,0,0,0,0,0,0,0,0,0,0,0,0,0,0,0,0,0,0,0,0,0,0,0,0,0,0,0,0,0,0,0,0,0,0,0
25,0,0,0,0,0,0,0,0,0,0,9.995838627e-05,0,0.001243940555,0.003565406427,0,0,0,0,0,0,0,0,0,0,0,0,0,0,0,0,0,0,0,0,0,0,0,0,0,0,0,0,0,0,0,0,0,0,0,0,0,0,0,0,0,0,0,0,0,0,0,0,0,0,0,0,0,0,0,0,0,0,0.1124789268,0,0,0,0,0,0,0,0,0,0,0,0.01081310399,0,0,0,0,0,0,0,0,0,0,0,0,0,0,0,0,0,0,0,0,0,0,0,0,0,0,0,0,0,0,0,0,0,0,0,0,0,0,0,0,0,0,0,0,0,0,0,0,0,0,0,0,0,0,0,0,0,0
26,0,0,0,0,0,0,0,0,0,0,0,0,0.0002001800312,0.001384236384,0,0,0,0,0,0,0,0,0,0,0,0,0,0,0,0,0,0,0,0,0,0,0,0,0,0,0,0,0,0.002380952472,0,0,0,0,0,0,0,0,0,0,0,0,0,0,0,0,0,0,0,0,0,0,0,0,0,0,0,0,0.1868386716,0,0,0,0,0,0,0,0,0,0,0.002380952239,0.03510017693,0,0,0,0,0,0,0,0,0,0,0,0,0,0,0,0,0,0,0,0,0,0,0,0,0,0,0,0,0,0,0,0,0,0,0,0,0,0,0,0,0,0,0,0,0,0,0,0,0,0,0,0,0,0,0,0,0,0
27,0,0,0,0,0,0,0,7.380186162e-06,3.970250418e-06,0,4.641004489e-05,1.55031637e-06,0.002880377928,0.004796143156,0,6.989078429e-06,0,0,0,0,0,0,0,0,0,0,0,0,0,0,0,0,0,0,0,0,0,0,0,0,0,0,0,0.003114545485,0.0006245491095,0.001179331215,7.704384916e-05,0.0002365887922,0,5.478077583e-05,0.0001133236292,0.0007740079309,0,0,0,0,0,0,0,0.0002211941173,0,0,3.532237679e-05,0,0,0,0.002380952472,0,0.001371238497,0,0,0,0.5710240602,0,0,0,0,0,0,0,0,0,0,0.00315126963,0.1602166891,0.0006687698187,0.002380952472,0,0,0,0,0.0005678495509,0,0,0,0,0,0,0,0,0,0,0,0,0,0,0,0,0,0,0,0,0,0,0,0,0,0,0,0,0,0,0,0,0,0,0,0,0,0,0,0,0,0,0,0,0,0,0,0,0,0,0
28,0,0,0,0,0,0,0,0,0,0,0,0,0.001537757926,0.002324540168,0,0,0,0,0,0,0,0,0,0,0,0,0,0,0,0,0,0,0,0,0,0,0,0,0,0,0,0,0,0.0006051939563,0,0,0,0,0,0,0,0,0,0,0,0,0,0,0,0,0,0,0,0,0,0,0,0,0,0,0,0.002380952472,0.4099727869,0,0,0,0,0,0,0,0,0,0,0.002979173325,0.1008543968,0,0,0,0,0,0,0,0,0,0,0,0,0,0,0,0,0,0,0,0,0,0,0,0,0,0,0,0,0,0,0,0,0,0,0,0,0,0,0,0,0,0,0,0,0,0,0,0,0,0,0,0,0,0,0,0,0,0
29,0,0,0,0,0,0,0,0,3.258206561e-05,0,9.458369459e-05,0,0.001470927848,0.001108596451,0,4.847192395e-05,0,0,0,0,0,0,0,0,0,0,0,0,0,0,0,0,0,0,0,0,0,0,0,0,0,0,0,0,0.0003791661584,0.0004463744117,0,0,0,0,0,0,0,0,0,0,0,0,0,0,0,0,0,0,0,0,0,0,0.0004141667159,0,0,0,0.4845170379,0,0,0,0,0,0,0,0,0,0,0.003740449902,0.1555744559,0,0,0,0,0,0,0,0,0,0,0,0,0,0,0,0,0,0,0,0,0,0,0,0,0,0,0,0,0,0,0,0,0,0,0,0,0,0,0,0,0,0,0,0,0,0,0,0,0,0,0,0,0,0,0,0,0,0
30,0,0,0,0,0,0,0,0,1.14459508e-05,0,0,0,0.0006726165884,0.002654741518,0,7.285066658e-06,0,0,0,0,0,0,0,0,0,0,0,0,0,0,0,0,0,0,0,0,0,0,0,0,0,0,0,0.001376080327,0.0003166154493,0,0,0,0,0,0,0.0009550417308,0,0,0,0,0,0,0,0,0,0,0,0,0,0,0,0,0.0003291438916,0,0,0.002380952472,0.5362677574,0,0,0,0,0,0,0,0,0,0,0.007001259364,0.13635315,0,0,0,0,0,0,0,0,0,0,0,0,0,0,0,0,0,0,0,0,0,0,0,0,0,0,0,0,0,0,0,0,0,0,0,0,0,0,0,0,0,0,0,0,0,0,0,0,0,0,0,0,0,0,0,0,0,0
31,0,0,0,0,0,0,0,1.848336615e-05,3.024878197e-06,0,0,0,0.001586144906,0.002061305102,0,0,0,0,0,0,0,0,0,0,0,0,0,0,0,0,0,0,0,0,0,0,0,0,0,0,0,0,0,0.001438411186,0,0,0,0,0,0,7.629377797e-05,0,0,0,0,0,0,0,0,0,0,0,0,0,0,0,0,0,0,0,0,0,0.518081367,0,0,0,0,0,0,0,0,0,0,0.004747925326,0.1419721991,0,0,0,0,0,0,0,0,0.001205009175,0,0,0,0,0,0,0,0,0,0,0,0,0,0,0,0,0,0,0,0,0,0,0,0,0,0,0,0,0,0,0,0,0,0,0,0,0,0,0,0,0,0,0,0,0,0,0,0,0
32,0,0,0,0,0,0,0,0,0,0,0,0,0.000689641689,0.002963730367,0,2.446856342e-05,0,0,0,0,0,0,0,0,0,0,0,0,0,0,0,0,0,0,0,0,0,0,0,0,0,0,0,0,0,0,0.0002406803251,0,0,0,0,0,0,0,0,0,0,0,0,0,0,0,0,0,0,0,0,0,0.002380952472,0,0,0,0.4521488249,0,0.002380952472,0,0,0,0,0,0,0,0,0.0003074810083,0.09211799502,0,0,0,0,0,0,0,0,0,0,0,0,0,0,0,0,0,0,0,0,0,0,0,0,0,0,0,0,0,0,0,0,0,0,0,0,0,0,0,0,0,0,0,0,0,0,0,0,0,0,0,0,0,0,0,0,0,0
33,0,0,0,0,0,0,0,0,0,0,0,0,0,0.0008882088587,0,0,0,0,0,0,0,0,0,0,0,0,0,0,0,0,0,0,0,0,0,0,0,0,0,0,0,0,0,0.002380952472,0,0,0,0,0,0,0,0,0,0,0,0,0,0,0,0,0,0,0,0,0,0,0,0,0,0,0,0.002380952472,0.3220345974,0,0,0,0,0,0,0,0,0,0,0.002380952472,0.06094799563,0,0,0,0,0,0,0,0,0,0,0,0,0,0,0,0,0,0,0,0,0,0,0,0,0,0,0,0,0,0,0,0,0,0,0,0,0,0,0,0,0,0,0,0,0,0,0,0,0,0,0,0,0,0,0,0,0,0
34,0,0,0,0,0,0,0,0,0,0,0,0,0.0005137501284,0,0,0,0,0,0,0,0,0,0,0,0,0,0,0,0,0,0,0,0,0,0,0,0,0,0,0,0,0,0,0,0,0,0.0002882640983,0,0,0,0,0,0,0,0,0,0,0,0,0,0,0,0,0,0,0,0,0,0,0,0,0,0.2571052909,0,0,0,0,0,0,0,0,0,0,0,0.04360085726,0,0,0,0,0,0,0,0,0,0,0,0,0,0,0,0,0,0,0,0,0,0,0,0,0,0,0,0,0,0,0,0,0,0,0,0,0,0,0,0,0,0,0,0,0,0,0,0,0,0,0,0,0,0,0,0,0,0
35,0,0,0,0,0,0,0,0,0,0,0,0,0.0008378289058,0.0001596843213,0,4.477703897e-06,0,0,0,0,0,0,0,0,0,0,0,0,0,0,0,0,0,0,0,0,0,0,0,0,0,0,0,0.0008223321056,0,0,0,0,0,0,0,0,0,0,0,0,0,0,0,0,0,0,0,0,0,0,0,0,0,0,0,0,0.4476979077,0,0,0,0,0,0,0,0,0,0,0.007142857648,0.07547990978,0,0,0,0,0,0,0,0,0,0,0,0,0,0,0,0,0,0,0,0,0,0,0,0,0,0,0,0,0,0,0,0,0,0,0,0,0,0,0,0,0,0,0,0,0,0,0,0,0,0,0,0,0,0,0,0,0,0
36,0,0,0,0,0,0,0,0,0,0,0,0,0.0006967379013,0.002046483802,0,1.203601278e-05,0,0,0,0,0,0,0,0,0,0,0,0,0,0,0,0,0,0,0,0,0,0,0,0,0,0,0,0,0.00107673672,0,0,0,0,0,0.0007421127521,0,0,0,0,0,0,0,0,0,0,0,0,0,0,0,0.001650229562,0,0,0,0,0,0.5139052272,0,0,0,0,0,0,0,0,0,0,0.004592215642,0.1184779406,0,0,0,0,0,0,0,0,0,0,0,0,0,0,0,0,0,0,0,0,0,0,0,0,0,0,0,0,0,0,0,0,0,0,0,0,0,0,0,0,0,0,0,0,0,0,0,0,0,0,0,0,0,0,0,0,0,0
37,0,0,0,0,0,0,0,0,0,0,0,0,0,0.0009985256474,0,0,0,0,0,0,0,0,0,0,0,0,0,0,0,0,0,0,0,0,0,0,0,0,0,0,0,0,0,0,0,0,0,0,0,0,0,0,0,0,0,0,0,0,0,0,0,0,0,0,0,0,0,0,0,0,0,0,0.1705989838,0,0,0,0,0,0,0,0,0,0,0,0.03405970708,0,0,0,0,0,0,0,0,0,0,0,0,0,0,0,0,0,0,0,0,0,0,0,0,0,0,0,0,0,0,0,0,0,0,0,0,0,0,0,0,0,0,0,0,0,0,0,0,0,0,0,0,0,0,0,0,0,0
38,0,0,0,0,0,0,0,0,0,0,0,0,0.002380952239,0,0,0,0,0,0,0,0,0,0,0,0,0,0,0,0,0,0,0,0,0,0,0,0,0,0,0,0,0,0,0,0,0,0,0,0,0,0,0,0,0,0,0,0,0,0,0,0,0,0,0,0,0,0,0,0,0,0,0,0.02908039466,0,0,0,0,0,0,0,0,0,0,0,0.004761904944,0,0,0,0,0,0,0,0,0,0,0,0,0,0,0,0,0,0,0,0,0,0,0,0,0,0,0,0,0,0,0,0,0,0,0,0,0,0,0,0,0,0,0,0,0,0,0,0,0,0,0,0,0,0,0,0,0,0
39,0,0,0,0,0,0,0,0,0,0,0,0,0,0,0,0,0,0,0,0,0,0,0,0,0,0,0,0,0,0,0,0,0,0,0,0,0,0,0,0,0,0,0,0,0,0,0,0,0,0,0,0,0,0,0,0,0,0,0,0,0,0,0,0,0,0,0,0,0,0,0,0,0.02857143059,0,0,0,0,0,0,0,0,0,0,0,0.003617624519,0,0,0,0,0,0,0,0,0,0,0,0,0,0,0,0,0,0,0,0,0,0,0,0,0,0,0,0,0,0,0,0,0,0,0,0,0,0,0,0,0,0,0,0,0,0,0,0,0,0,0,0,0,0,0,0,0,0
40,0,0,0,0,0,0,0,0,0,0,0,0,0,0,0,0,0,0,0,0,0,0,0,0,0,0,0,0,0,0,0,0,0,0,0,0,0,0,0,0,0,0,0,0,0,0,0,0,0,0,0,0,0,0,0,0,0,0,0,0,0,0,0,0,0,0,0,0,0,0,0,0,0.0744715482,0,0,0,0,0,0,0,0,0,0,0,0.01053112373,0,0,0,0,0,0,0,0,0,0,0,0,0,0,0,0,0,0,0,0,0,0,0,0,0,0,0,0,0,0,0,0,0,0,0,0,0,0,0,0,0,0,0,0,0,0,0,0,0,0,0,0,0,0,0,0,0,0
41,0,0,0,0,0,0,0,0,0,0,0,0,0,0,0,0,0,0,0,0,0,0,0,0,0,0,0,0,0,0,0,0,0,0,0,0,0,0,0,0,0,0,0,0,0,0,0,0,0,0,0,0,0,0,0,0,0,0,0,0,0,0,0,0,0,0,0,0,0,0,0,0,0.03571428731,0,0,0,0,0,0,0,0,0,0,0,0.01190476213,0,0,0,0,0,0,0,0,0,0,0,0,0,0,0,0,0,0,0,0,0,0,0,0,0,0,0,0,0,0,0,0,0,0,0,0,0,0,0,0,0,0,0,0,0,0,0,0,0,0,0,0,0,0,0,0,0,0
42,0,0,0,0,0,0,0,0,0,0,0,0,0,0,0,0,0,0,0,0,0,0,0,0,0,0,0,0,0,0,0,0,0,0,0,0,0,0,0,0,0,0,0,0,0,0,0,0,0,0,0,0,0,0,0,0,0,0,0,0,0,0,0,0,0,0,0,0,0,0,0,0,0.03436072916,0,0,0,0,0,0,0,0,0,0,0,0.004761904944,0,0,0,0,0,0,0,0,0,0,0,0,0,0,0,0,0,0,0,0,0,0,0,0,0,0,0,0,0,0,0,0,0,0,0,0,0,0,0,0,0,0,0,0,0,0,0,0,0,0,0,0,0,0,0,0,0,0
43,0,0,0,0,0,0,0,0,0,0,0,0,0,0,0,0,0,0,0,0,0,0,0,0,0,0,0,0,0,0,0,0,0,0,0,0,0,0,0,0,0,0,0,0,0,0,0,0,0,0,0,0,0,0,0,0,0,0,0,0,0,0,0,0,0,0,0,0,0,0,0,0,0.009523809887,0,0,0,0,0,0,0,0,0,0,0,0,0,0,0,0,0,0,0,0,0,0,0,0,0,0,0,0,0,0,0,0,0,0,0,0,0,0,0,0,0,0,0,0,0,0,0,0,0,0,0,0,0,0,0,0,0,0,0,0,0,0,0,0,0,0,0,0,0,0
44,0.0007373113767,0,0.00243776897,0.005788213573,0.0005380371003,0.001337231952,0.005473516881,0.005243774038,0.008516980335,0.001642878866,0.005703321192,0.007107045967,0.07619778812,0.3313208818,0.0136950789,0.01169022731,0,0,0,0.0006517881411,0,0,0,0,0,0.002380952472,0.003114545485,0.0006051939563,0,0.001376080327,0.001438411186,0,0.002380952472,0,0.0008223321056,0,0,0,0,0,0,0,0,0,0.000233054714,0.0001726956689,0.000598494662,0.0007097187336,0.0005148648634,0.0002639120794,0.0004494419845,0.002500528237,0.001475676545,0.0006520384923,0.001977809938,0.0002489602193,0.0002011688193,0.000766749552,0.0004871558049,0.00051880104,9.540256724e-05,0.0009705194971,0.0006243592361,0.002546876669,0.0012962498,0.0004185151774,0.004726099782,0.003874898655,0.01493020821,0,0.0002856770298,0.01556543726,0.2822464705,0.002685930114,0.0009144940414,0.002799755661,0.002131293761,0.0003622099466,0.00140930037,0.0007027318934,0.0004402651102,0.0006374806981,0.001350241364,0.009583488107,0.2284287363,0.005270452239,0.01640515774,0.005614101887,0.001518594683,0.0004532789462,0.0008714929572,0.0005906168954,0.0005889653112,0.0009035575786,2.796490298e-05,0.0004379353486,0.0007716779946,0.0002743523801,0.0005447574076,0.000861018314,0.0001736797421,0.001169586089,0,0,0,0,0,2.917040729e-05,0.0006631157594,0,0.001150921686,0,0.001542713493,0.000638329715,0,0.003680593567,0.002380952472,0.0004614842182,0,0.002380952472,0.0001404276845,0.0002344799286,0.0004488404957,0.002380952472,0.001678213128,0,0,0,0.0002910798648,0.0004464323574,0.0006727870787,0,0,0.0001557816286,0.001661538612,0,0.00282053533,0.0002691654372,0.0002038714447,0,0.0006381512503,0.0005263159401,0.0005725305527
45,0.0001536053023,0,0.0006766913575,0.003415293759,0.0001783752377,0.000966149033,0,0.0003933548287,0.0009691175655,0.001238963217,0.0007026439416,0.001209319336,0.01049285755,0.03626203164,0.001883055433,0.001050012303,0,0,0,0,0,0,0,0,0,0,0.0006245491095,0,0.0003791661584,0.0003166154493,0,0,0,0,0,0.00107673672,0,0,0,0,0,0,0,0.000233054714,0,4.171346518e-05,1.162424542e-05,9.569625945e-06,1.262948444e-05,5.306802996e-05,4.702822116e-05,0.003198795486,0.003992678598,0.002244062722,0.003322835313,0.002545848489,0.0002409134322,0.003232127056,0.002531469567,0.0005435225903,0.002474449808,0.0001220819831,0.0003373290238,0.003811989911,0.000800727983,0.0002078718826,0.003480292391,0.003080628114,0.00147879112,0.002380952239,0.0004983366234,0.004342001397,0.3351264596,0.002366948407,0.001166986651,0.0004362750042,0.0004315204278,0,0.002758675721,0.001407775097,0.0001469607814,0.0002406351705,0.004245311022,0.00366707053,0.1306684613,0.001915430767,0.002208399586,0.004018426873,0.0002303548245,0.000218796733,0.003087981138,0.0001331443054,0.000535066938,0,0,0,0,0,0,0,1.619331124e-05,0,0,0,0,0,0,0.0009644028614,0,0,0,0,0.001898779068,0,0,0,0,0,0,0,0,0.0006536131841,0,0,6.743882841e-05,0.0005327048711,0,0,3.692094469e-05,0.002022544853,0,0,0,0,0,0,0,0,0.002380952472,0,0,0,0.0002922989952
46,6.834800297e-05,0,0.001082036411,0.0003688319121,0,0.002337346552,0,0.0006885259645,0.001170298317,0.0005319500924,0.0005676916917,0.0004189097963,0.01155800931,0.04518184811,0.008860388771,0.0009128315724,0,0,0,0,0,0,0,0,0,0,0.001179331215,0,0.0004463744117,0,0,0,0,0,0,0,0,0,0,0,0,0,0,0.0001726956689,4.171346518e-05,0,2.085821325e-05,0.0003806628811,0.0002344960812,4.527050351e-06,3.378264955e-05,0.0006448191707,0.0006786449812,7.795992133e-06,4.755627378e-05,2.018893838e-06,6.340053005e-06,2.72937923e-05,0,6.842231869e-06,0,6.064289482e-05,4.279814675e-05,2.510574814e-05,3.54337426e-05,6.347208546e-05,0.0002475742367,0.0001968983124,0.001199981081,0,3.741769979e-05,0.005213255528,0.1230981797,8.813694149e-05,3.811758143e-05,0.0004352466785,8.499540854e-05,0,3.595829912e-05,0,0.0003854592796,0.0001015019006,8.201800665e-05,0.0005091557978,0.1074925587,0.0006626888062,0.001741896966,0.000189852828,0,0,1.806895307e-05,0.0002631673415,0.0008102912107,0,0,0,0,6.976094301e-05,0,0,0,0,0,0,0,0,0,0,1.369420897e-05,0,0.0001072930754,0,0.0004328548384,0,0,0,0.0008099887636,0,0,0,0,0,0,0,0.0003101757029,0,0,0,1.432640147e-05,0,9.021064034e-05,0,0,0,0,0,0,0,0,0,0,0.0003392179497,0
47,0,0,0,0.000875181111,7.208859461e-05,0,0,0.0003936148132,0.000219280264,0,0.0001853564027,0.0004556360655,0.006074336357,0.01416018605,0.002519262722,0.0002047599846,0,0,0,0,0,0,0,0,0,0,7.704384916e-05,0,0,0,0,0.0002406803251,0,0.0002882640983,0,0,0,0,0,0,0,0,0,0.000598494662,1.162424542e-05,2.085821325e-05,0,1.066893128e-05,3.341090633e-05,5.686568329e-06,5.678830348e-06,0.0006708562723,0.00090887025,0,0,0,0,0,0.0002484052093,0.0006254998734,0.0007750575314,0,0.0001156166691,0.00142516091,0.0004479387135,0,0.001190023846,0.00232405588,0.0005167634808,0,0,0.004277207423,0.3442845941,0.001377788722,0.00127757946,0.001064283657,0.001112831407,0,0.001089518075,0.0004911647411,0,0.0005488010356,0.001472534263,0.001736715785,0.0730246231,0.0004041103821,0.001742614084,0,0.0008736717864,0,0.001030343701,4.148124935e-05,0.0005864484701,0,0,0,0,0,1.745220106e-05,0,0,0,0,0,0,0,0,0,0,0,7.82754978e-06,0,0.0002871149336,0.0006278993096,0,0,0,0,0,0,0,0,0,0,0,0,0,0,3.837467739e-05,0,0,0,0,0,0,0,0,0,0,0,0,5.273723673e-06,4.394731513e-05
48,0,0,0.0001390701364,0.00203352957,0,0.0004785269266,0.002380952472,0.0002510515042,0.0004891156568,0.001260623569,0.0003113339189,0.001283548423,0.007699521724,0.02694195509,0.00378867914,0.0005090960185,0,0,0.001264361897,0,0,0,0,0,0,0,0.0002365887922,0,0,0,0,0,0,0,0,0,0,0,0,0,0,0,0,0.0007097187336,9.569625945e-06,0.0003806628811,1.066893128e-05,0,2.053301614e-06,4.889727643e-05,1.487124109e-06,0.001666982775,0.002380952472,0.001287341584,0.002632361371,0.002380952472,0.0005632522516,0.0007422350463,0.00090848119,0.001393200713,0,0.0006394106895,0.0004744964244,0.0004799719318,0.0009673185414,0,0.00307395705,0.001350496546,0.00113196508,0.002380952472,0,0.005630398635,0.3691987097,0.001475059893,0.0006241071969,0.0007953850436,0.0001647077152,0,0.0001380252506,0.0001661439746,0,0.0001616957743,0.002411182271,0.002885523019,0.1038589329,0.001069955761,0.001370958285,0.002461763332,0,0.0004260165733,0,3.344470315e-05,0.0003578520846,0,0,0,0,0,0,0,0,0,0,0,0,0,0,0,0,0,0,0,0,0,0,0,0,0,0,0,0,0,0,0,3.510779061e-05,0,0,0,0,0,0,0,0,0,0,0,0,0,0,0,0,0,0.0001073091044
49,0,0,0,0,0,0.001655152533,0,0.0002335623576,0.0004580715322,0.0003444719187,0.0003170554992,0.00109516969,0.01972218975,0.1111856773,0.002606195863,0.0006906573544,0,0,0,0,0,0,0,0,0,0,0,0,0,0,0,0,0,0,0,0,0,0,0,0,0,0,0,0.0005148648634,1.262948444e-05,0.0002344960812,3.341090633e-05,2.053301614e-06,0,5.340874122e-05,1.584825895e-06,0.0005969637423,0,0,0,0.002380952472,0,0.0005716931191,3.343207209e-05,0.0001929122518,0,0.0007000163896,3.216229379e-05,0.0004371836258,0.0002273387945,0,0.001123196795,0.003324328223,0.001370061305,0,1.702074405e-05,0.003614212852,0.3693181872,0.0020628192,0.0008441607351,0.0006317268708,0.003547568107,0,0.002086870139,1.750580304e-05,0,3.097643685e-06,0.001492238254,0.003625686746,0.1158154681,0.001422895934,0.004822147544,0,0.0001166272414,0,0,1.73910496e-06,1.560893111e-06,0,0,0,0,0,0,0,0,0,0,0,0,0,0,0,0,0,1.071341649e-05,0,7.93733343e-05,0.0005511736963,0,0,0,0,0,0,0,0,0,0,0,0,0,0,0,0,0,0,0,0,0,0,0,0,0,0,0,0,1.265893025e-05
50,1.561451973e-05,0,0,0,0,0.00152919523,0,0.0001815619034,0.0002336875041,5.648545994e-05,0.0001923975797,0.0001078759815,0.008468327112,0.01881639287,0.003420251422,0.0001812989649,0,0,0,0,0,0.0008600440924,0,0,0,0,5.478077583e-05,0,0,0,0,0,0,0,0,0,0,0,0,0,0,0,0,0.0002639120794,5.306802996e-05,4.527050351e-06,5.686568329e-06,4.889727643e-05,5.340874122e-05,0,1.472252848e-06,0.0002476016234,0,0,0.0003453158424,0.0002475433575,0,2.798223977e-05,4.365347195e-05,8.806813639e-06,0,0.0002499741677,2.448456826e-06,1.271273322e-05,0.000225325246,6.390266208e-05,0.0003210315772,0.0006034324761,0.0005451675388,0,0,0.002718792064,0.3029600084,0.0004648050235,8.213199908e-05,0.001643094816,0,0,7.032076974e-05,0.0001923107775,0.0002623515611,1.614182293e-05,0.0005052552442,0.001594386529,0.05901934206,0.0001478277263,0.002580910921,0,0.0002387335699,0,1.286644329e-05,2.876238068e-05,0,0,0,0,0,0,0,0,0,0,0,0,0,0,0,0,0,0,0,0,0,0,0,0,0.0006966391229,0,0,0,0,0,0,0,0,0,0,0,0,0,0,0.000301197957,0,0,0,0,0,0,0,0,0,6.323451544e-06,0
51,0,0,0,0.0003533399722,0,0,0,6.125474465e-05,0.0001135854909,0.0001084572286,0.000106536354,0.0001938449859,0.01418235805,0.02065063082,0.001373220119,0.0001251828799,0,0,0,0,0,0,0,0,0,0,0.0001133236292,0,0,0,7.629377797e-05,0,0,0,0,0.0007421127521,0,0,0,0,0,0,0,0.0004494419845,4.702822116e-05,3.378264955e-05,5.678830348e-06,1.487124109e-06,1.584825895e-06,1.472252848e-06,0,0.00010837015,7.836119039e-05,0.0003507054353,0,0.0009308956796,0,0.0004656982492,0.0003612419823,7.822806219e-05,0,0,4.789423201e-06,4.61696618e-05,7.009957335e-05,0,0.0005167172058,0.0003781029955,0.0004581999965,0,0,0.004034847021,0.3484236598,0.0008265857468,7.240741979e-05,0.0003709461598,0.0003266833373,0,0.0002593132958,0,0,2.978404609e-06,0.0005173114478,0.001440174412,0.05436373502,0.0002801412484,0.001833078219,0,0.001023005578,0,0,4.154607268e-06,0,0,0,0,0,0,2.954115189e-06,5.672967291e-06,0,0,0,0,0,0,0,0,0,0,2.681330216e-06,0,0,0,0,0,0,0,0,0,0,0,0,0,0,0,0,0,0,0,0,0,0,0,0,0,0,0,0,0,0,0,0
52,0.0001120384404,0,8.506545419e-05,0.002273798222,2.125136962e-05,0,0,8.922356938e-05,0.001834865659,0.000990753877,0.0001762609172,8.558588888e-05,0.029576445,0.06037333608,0.007142857648,0.001548481523,0,0,0,0,0,0,0,0,0,0,0.0007740079309,0,0,0.0009550417308,0,0,0,0,0,0,0,0,0,0,0,0,0,0.002500528237,0.003198795486,0.0006448191707,0.0006708562723,0.001666982775,0.0005969637423,0.0002476016234,0.00010837015,0,3.81196628e-07,0,8.665998757e-05,0.001040869858,0,1.673504357e-06,7.137697594e-06,0.0001574389171,0,2.447481393e-06,3.150040357e-05,1.000225257e-05,9.19440572e-06,0.0002551146317,1.416259329e-05,4.192072993e-06,0.0004827787634,0,0,0.01797687262,0.4452697635,5.927559687e-05,9.663567471e-05,0.0008120391867,0.0001523247192,0,0.0002591421653,1.861551391e-05,0,4.278838969e-05,0.0001912511216,0.002102071419,0.00778438244,3.586796447e-05,0.003934668377,5.558638804e-05,0.0008603445021,1.878375042e-05,7.37435621e-05,0.0001739200234,5.171491466e-06,0,0,0,0,0.000368495821,0,0,0,0,0,0.0001101584858,0,0,0,1.366471588e-05,0,0,1.378510024e-05,0,3.237507553e-05,1.049782531e-05,0,0.0002838959044,0,0,0,0,0.0002239393943,0,0,0,0.0002710905101,0,0,0,1.67312628e-05,0,0,0,0,0,0,0,0,0,0,0,0,7.127092977e-05,2.645515451e-05
53,0,0,0,0,0,0,0,0,7.775192353e-05,0,4.237080702e-06,0,0.006050362717,0.01121873595,0,0,0,0,0,0,0,0,0,0,0,0,0,0,0,0,0,0,0,0,0,0,0,0,0,0,0,0,0,0.001475676545,0.003992678598,0.0006786449812,0.00090887025,0.002380952472,0,0,7.836119039e-05,3.81196628e-07,0,3.233199379e-07,0,0,0,0,0,0,0,0,0,0,0,0,0,0,2.821321914e-06,0,0,0.005646584556,0.2719630599,0,6.482847675e-05,0,0,0,0,0,0,0,0,0.0002495460212,0.02105445415,0,0,0,0,0,0.0001419260079,0,0,0,0,0,0,0,0,0,0,0,0,0,0,0,0,0,0,0,0,0,0,0,0,0,0,0,0,0,0,0,0,0,0,0,0,0,0,0,0,0,0,0,0,0,0,0,0,0,0,0,0
54,0,0,0,0,0,0,0,0,1.928585516e-05,0,0,0,0.001493193675,0.00762236258,0,7.731540245e-05,0,0,0,0,0,0,0,0,0,0,0,0,0,0,0,0,0,0,0,0,0,0,0,0,0,0,0,0.0006520384923,0.002244062722,7.795992133e-06,0,0.001287341584,0,0,0.0003507054353,0,3.233199379e-07,0,0,0,0,0,0,0.0001387273514,0,0,0,0,0,0,2.097469587e-05,0,1.474348437e-06,0,0,0.002380952239,0.2105087489,0,0,0,0,0,0,0,0,0,4.763876495e-05,0.0002576436964,0.03819014505,9.49152527e-05,0,0,0,0,0,0,0,0,0,0,0,0,0,0,0,0,0,0,0,0,0,0,0,0,0,0,0,0,0,0,0,0,0,0,0,0,0,0,0,0,0,0,0,0,0,0,0,0,0,0,0,0,0,0,0,0,0
55,0,0,0,0,0,0,0,0,1.929030805e-05,0,9.521660104e-06,0,0.001495815231,0.01070784964,0.001305536949,6.371660857e-05,0,0,0,0,0,0,0,0,0,0,0,0,0,0,0,0,0,0,0,0,0,0,0,0,0,0,0,0.001977809938,0.003322835313,4.755627378e-05,0,0.002632361371,0,0.0003453158424,0,8.665998757e-05,0,0,0,0,0,0,0,0,0,0,0,0,0,0,0,0,1.022860943e-05,0,0,0.002380952472,0.1752082705,0,5.194492132e-06,0,3.53050018e-05,0,0,0,0,0,5.130227237e-06,0.0001770938979,0.06937447935,0.0001086308766,0,2.055559889e-05,0,0,0,0,0,0,0,0,0,0,0,0,0,0,0,0,0,0,0,0,0,0,0,0,0,0,0,0,0,0,0,0,0,0,0,0,0,0,0,0,0,0,0,0,0,0,0,0,0,0,0,0,0,0,0
56,0,0,0.0001100775698,0,0,0,0,0,1.19588567e-05,0,1.395120853e-05,0,0.001354116132,0.02855053917,0,8.9181367e-06,0,0,0,0,0,0,0,0,0,0,0,0,0,0,0,0,0,0,0,0,0,0,0,0,0,0,0,0.0002489602193,0.002545848489,2.018893838e-06,0,0.002380952472,0.002380952472,0.0002475433575,0.0009308956796,0.001040869858,0,0,0,0,0,0,0,0,0,0,1.091148533e-05,0,0,0,6.333652709e-05,0,9.94107686e-05,0,0,0.0005625162157,0.1817063242,0,0,0,0,0,0,0,0,0,9.03714772e-06,0.00048915355,0.0727340728,7.129710866e-05,0.0004024876398,0,0,0,0,0,0,0,0,0,0,0,0,0,0,0,0,0,0,0,0,0,0,0,0,0,0,0,0,0,0,0,0,0,0,0,0,0,0,0,0,0,0,0,0,0,0,0,0,0,0,0,0,0,0,0,0
57,0,0,0,0,0,0,0,0,1.184791472e-06,0,0,0,0.0002365554392,0.009909420274,0,2.338318609e-06,0,0,0,0,0,0,0,0,0,0,0,0,0,0,0,0,0,0,0,0,0,0,0,0,0,0,0,0.0002011688193,0.0002409134322,6.340053005e-06,0,0.0005632522516,0,0,0,0,0,0,0,0,0,0,0,6.357661914e-05,0,0,7.547304449e-06,0,0,0,0,0,1.115786563e-05,0,0,0.0006793994689,0.2307201475,0,0,0,0,0,0,0,0,0,5.641509415e-05,0.0006002735463,0.06278049946,2.797965681e-05,6.388783368e-05,0,0,0,0,0,0,0,0,0,0,0,0,0,0,0,0,0,0,0,0,0,0,0,0,0,0,0,0,0,0,0,0,0,0,0,0,0,0,0,0,0,0,0.0001028155166,0,0,0,0,0,0,0,0,0,0,0,0,0
58,0,0,0.0001152346158,0,0,0,0,0,4.470458407e-06,0,7.856540947e-07,0,0.0004811149556,0.005257767159,0,2.656264223e-05,0,0,0,0,0,0,0,0,0,0,0,0,0,0,0,0,0,0,0,0,0,0,0,0,0,0,0,0.000766749552,0.003232127056,2.72937923e-05,0,0.0007422350463,0.0005716931191,2.798223977e-05,0.0004656982492,1.673504357e-06,0,0,0,0,0,0,0,0,0,0,0,1.088263616e-06,0,0,0,0,1.161639921e-05,0,0,0.002380952472,0.2847195566,0,0,0,0,0,1.106362015e-05,0,0,0,0.0001206222441,0.000629023707,0.03551817685,0,0.0001432310964,0,0,0,0,0,0,0,0,0,0,0,0,0,0,0,0,0,0,0,0,0,0,0,0,0,0,0,0,0,0,0,0,0,0,0,0,0,0,0,0,0,0,0,0,0,0,0,0,0,0,0,0,0,0,0,0
59,0,0,0,0,0,0,0,0,3.177146937e-07,0,3.533517372e-07,3.693515396e-07,0.0003880551376,0.00710355863,0,2.094626325e-06,0,0,0,0,0,0,0,0,0,0,0,0,0,0,0,0,0,0,0,0,0,0,0,0,0,0,0,0.0004871558049,0.002531469567,0,0.0002484052093,0.00090848119,3.343207209e-05,4.365347195e-05,0.0003612419823,7.137697594e-06,0,0,0,0,0,0,0,0,0,0,2.63852271e-05,0,0,0,0,0,1.850306035e-05,0,0,0,0.3385008574,0,0,0,0,0,0,0,0,3.098247817e-06,0.0001358727168,0.0004870702687,0.04654035717,1.55748221e-05,0,0,0,0,0,0,0,0,0,0,0,0,0,0,0,0,0,0,0,0,0,0,0,0,0,0,0,0,0,0,0,0,0,0,0,0,0,0,0,0,0,0,0,0,0,0,0,0,0,0,0,0,0,0,0,0,0
60,4.76085952e-05,0,6.139348261e-05,0.0003322100965,0.0001531532034,0,0.002380952472,0.000163013683,0.0003108275414,4.182018529e-05,0.0001864680526,0.000106869491,0.00885204412,0.0283002425,0.004825443029,0.0003798400576,0,0,0,0,0,0,0,0,0,0,0.0002211941173,0,0,0,0,0,0,0,0,0,0,0,0,0,0,0,0,0.00051880104,0.0005435225903,6.842231869e-06,0.0006254998734,0.001393200713,0.0001929122518,8.806813639e-06,7.822806219e-05,0.0001574389171,0,0.0001387273514,0,0,6.357661914e-05,0,0,0,0,0,5.339825748e-06,2.647688234e-05,1.158499344e-05,1.747640636e-05,6.684145774e-06,5.297861571e-05,0.0005011649337,0,4.684630767e-06,0.002543664072,0.1914893985,3.715829007e-05,2.806956672e-06,0.0007052075816,0,1.064950175e-05,1.976224485e-05,7.01882891e-05,0,4.199950126e-05,3.584346359e-06,0.0002168203791,0.06009047106,4.857498789e-05,0.002106334083,6.344095254e-06,0.0005453018239,4.249875929e-05,0,0.000148079358,0,0,0,0,0,0,0,0,0,0,0,0,0,0,0,0,0,0,0,0,0,0.0001319152507,0,0,0,0,0,0,0,0.0009848090122,0,0,0.0009431743529,0,0,0,5.974859232e-05,0,0,0,0,0.000536729407,0,0,0,0.001441616449,0,0,0,0,0
61,0,0,0,0,0,0,0,0,6.169972949e-06,0,8.065582733e-06,1.113592862e-05,0.002662707353,0.00780194439,0,0,0,0,0,0,0,0,0,0,0,0,0,0,0,0,0,0,0,0,0,0,0,0,0,0,0,0,0,9.540256724e-05,0.002474449808,0,0.0007750575314,0,0,0,0,0,0,0,0,0,0,0,0,0,0,0,0,0,0,0,0,0,9.869305359e-06,0,0,0,0.1881320179,0,0,0,0,0,0,0,0,0,0,0.0003496712598,0.04461196437,0.000120803772,0,0,0,0,0,0,0,0,0,0,0,0,0,0,0,0,0,0,0,0,0,0,0,0,0,0,0,0,0,0,0,0,0,0,0,0,0,0,0,0,0,0,0,0,0,0,0,0,0,0,0,0,0,0,0,0,0
62,0,0,1.36816916e-05,0,0,0,0,0,2.00011109e-05,0,1.293533023e-05,1.180912295e-05,0.002373480238,0.009547421709,0,5.01299437e-05,0,0,0,0,0,0,0,0,0,0,0,0,0,0,0,0,0,0,0,0,0,0,0,0,0,0,0,0.0009705194971,0.0001220819831,6.064289482e-05,0,0.0006394106895,0.0007000163896,0.0002499741677,0,2.447481393e-06,0,0,0,0,0,0,0,0,0,0,0,0,0,0,1.864735896e-05,0,3.501767787e-05,0,0,0.002380952472,0.2602249682,0,0,0,0,0,0,0,0,0,0,0.0004259397392,0.04333725572,0,0.0001851913839,0,0,0,0,0.00288567692,0,0,0,0,0,0,0,0,0,0,0,0,0,0,0,0,0,0,0,0,0,0,0,0,0,0,0,0,0,0,0,0,0,0,0,0,0,0,0,0,0,0,0,0,0,0,0,0,0,0,0
63,0,0,0,0,0,0,0,0,6.799426046e-05,0,8.563508163e-05,6.587534244e-06,0.008163604885,0.01434046589,0.0009160923655,9.318663069e-05,0,0,0,0,0,0,0,0,0,0,3.532237679e-05,0,0,0,0,0,0,0,0,0,0,0,0,0,0,0,0,0.0006243592361,0.0003373290238,4.279814675e-05,0.0001156166691,0.0004744964244,3.216229379e-05,2.448456826e-06,4.789423201e-06,3.150040357e-05,0,0,0,1.091148533e-05,7.547304449e-06,0,2.63852271e-05,5.339825748e-06,0,0,0,5.323320238e-07,0,0,4.283854287e-05,4.460616765e-05,0.0002567998017,0,0,0.003617301583,0.3155984879,1.657769462e-05,1.204302976e-06,0,0.000102939026,0,2.442249388e-05,1.000884731e-05,0,7.95848905e-07,7.468945114e-05,0.0009759526001,0.04260608926,8.789248386e-05,0.0008102102438,0,0,0,0,1.616477311e-05,3.237465353e-05,0,0,0,0,0,0,6.234876491e-05,0,0,0,0,0,0,0,0,0,0,0,0,0,0,0,0,0,0,0,0,0,0,0,0,0,0,0,0,2.333913699e-06,0,0,0,0,0,0,0,0,0,0,0,0,0,1.558387794e-06
64,0,0,0,0,0,0,0,1.39996373e-05,9.3353392e-06,0,1.668902041e-05,0,0.002887211042,0.004837222397,0.0007728734636,2.963748739e-05,0,0,0,0,0,0,0,0,0,0,0,0,0,0,0,0,0,0,0,0,0,0,0,0,0,0,0,0.002546876669,0.003811989911,2.510574814e-05,0.00142516091,0.0004799719318,0.0004371836258,1.271273322e-05,4.61696618e-05,1.000225257e-05,0,0,0,0,0,1.088263616e-06,0,2.647688234e-05,0,0,5.323320238e-07,0,0,0,1.352769414e-05,0,0.0001065859979,0,0,0.0009831715142,0.3429293931,0,6.845745588e-07,9.279231745e-05,5.463964771e-05,0,0,0,0,1.30682065e-06,6.257101631e-05,0.0008254787535,0.03342992067,4.040416025e-05,0.0006864766474,0,0,0,0,4.429889304e-05,4.209521194e-06,0,0,0,0,0,0,0,0,0,0,0,0,0,0,0,0,0,0,0,0,0,0,0,0,0,0,0,0,0,0,0,0,0,0,0,0,0,0,0,0,0,0,0,0,0,0,0,0,0,0
65,0,0,0,0,0,0,0,0,2.532853432e-05,0,1.206780053e-05,0,0.003435160732,0.0321142897,0,0.0001146694776,0,0,0,0,0,0,0,0,0,0,0,0,0,0,0,0,0,0,0,0,0,0,0,0,0,0,0,0.0012962498,0.000800727983,3.54337426e-05,0.0004479387135,0.0009673185414,0.0002273387945,0.000225325246,7.009957335e-05,9.19440572e-06,0,0,0,0,0,0,0,1.158499344e-05,0,0,0,0,0,0,0,0,1.773810254e-05,0,0,0.005648473743,0.1803382933,6.218182875e-07,1.982528147e-06,0,0,0,0,0,0,0,4.367880592e-06,0.0002469150058,0.06962832808,3.758230378e-05,0.0001792678086,0,4.447430547e-05,0,0,0,6.24582317e-05,0,0,0,0,0,0,0,0,0,0,0,0,0,0,0,0,0,0,0,0,0,0,0,0,0,0,0,0,0,0,0,0,0,0,0,0,0,0,0,0,0,0,0,0,0,0,0,0,0,0
66,0,0,0,0,0,0,0,0,1.837939408e-06,0,2.167933417e-06,0,0.0004042352084,0.009236741811,0,1.756368511e-05,0,0,0,0,0,0,0,0,0,0,0,0,0,0,0,0,0,0,0,0,0,0,0,0,0,0,0,0.0004185151774,0.0002078718826,6.347208546e-05,0,0,0,6.390266208e-05,0,0.0002551146317,0,0,0,0,0,0,0,1.747640636e-05,0,0,0,0,0,0,0,0,1.424074344e-05,0,0,0,0.1989582181,1.472027907e-05,2.168384071e-06,0,0,0,0,0,0,0,0,0.0002692932903,0.0680379197,0.0003248216235,6.786976883e-05,0,0,0,0,0,0,0,0,0,0,0,0,0,0,0,0,0,0,0,0,0,0,0,0,0,0,0,0,0,0,0,0,0,0,0,0,0,0,0,0,0,0,0,0,0,0,0,0,0,0,0,0,0,0,0,5.501837222e-05
67,0,0,0.0002951477072,0.0006273293402,0.0009965387871,0,0,0,0.001330854953,4.606019502e-05,0.0002258098102,0.0001226095192,0.01635281555,0.03616529703,0.002993739676,0.0009937408613,0,0,0,0,0,0,0,0,0,0,0.002380952472,0,0,0,0,0,0,0,0,0.001650229562,0,0,0,0,0,0,0,0.004726099782,0.003480292391,0.0002475742367,0.001190023846,0.00307395705,0.001123196795,0.0003210315772,0.0005167172058,1.416259329e-05,0,2.097469587e-05,0,6.333652709e-05,0,0,0,6.684145774e-06,0,1.864735896e-05,4.283854287e-05,1.352769414e-05,0,0,0,1.889445457e-06,0.0003974667634,0,0,0.004627130926,0.2418928742,1.216897886e-06,1.553056245e-05,8.583533781e-05,2.530234087e-05,0,3.42636049e-05,5.657289512e-05,0,5.119721754e-05,2.927658898e-06,0.0001741543674,0.03178207949,5.614492238e-06,0.000595844409,1.149666332e-05,0,0,1.891861029e-05,2.24252708e-05,4.619178435e-05,0,0,0,0,0,0,0.0005982670118,0,0,0,0,0,0,0,0,0,0,0.0003965953656,0,7.663699216e-05,0,0,0,0,0,0,0,0,0,0,0,0,0,0,0,0,0,0,0,0,0,0,0,0,0,0,0,0,0,0
68,0,0,0,0.0008246097714,0,0,0,0,0.0001498134807,0,4.283385351e-05,0,0.01002248097,0.02179941535,0.002380952472,0.0003103297495,0,0,0,0,0,0,0,0,0,0,0,0,0,0,0,0,0,0,0,0,0,0,0,0,0,0,0,0.003874898655,0.003080628114,0.0001968983124,0.00232405588,0.001350496546,0.003324328223,0.0006034324761,0.0003781029955,4.192072993e-06,0,0,0,0,0,0,0,5.297861571e-05,0,0,4.460616765e-05,0,0,0,1.889445457e-06,0,2.52116879e-05,0,0,0.0005670097307,0.2619866729,0,4.323672329e-05,7.071476375e-06,2.048921306e-05,0,0,0,0,9.858820704e-06,2.279105684e-05,0.0004521751252,0.02931009606,1.730196709e-05,0.000215965134,4.373278443e-06,0,0,0,0,0,0,0,0,0,0,0,0,0,0,0,0,0,0,0,0,0,0,0,0,0,0,0,0,0,0,0,0,0,0,0,0,0.002655067947,0,0,0,6.315828068e-05,0,0,0,0,0,0,0,0,0,0,0,0,0,0
69,0.0002692113048,0.0002073965006,0.0002957248944,0.001143872505,0.000259436958,0.001250457135,0.00160657696,0.001150059747,0.001552899834,9.82006095e-05,0.0002783651871,0.0004545033153,0.03010765463,0.1760842055,0.01211259142,0.002331436146,0,0,0,0.001528876484,0,0,0,0,0,0,0.001371238497,0,0.0004141667159,0.0003291438916,0,0.002380952472,0,0,0,0,0,0,0,0,0,0,0,0.01493020821,0.00147879112,0.001199981081,0.0005167634808,0.00113196508,0.001370061305,0.0005451675388,0.0004581999965,0.0004827787634,2.821321914e-06,1.474348437e-06,1.022860943e-05,9.94107686e-05,1.115786563e-05,1.161639921e-05,1.850306035e-05,0.0005011649337,9.869305359e-06,3.501767787e-05,0.0002567998017,0.0001065859979,1.773810254e-05,1.424074344e-05,0.0003974667634,2.52116879e-05,0,0,1.865431614e-06,0.00506274309,0.6039632559,0.0001163041015,0.0002524234587,0.0002419670927,5.500619227e-05,2.831643906e-05,7.210139302e-05,0.0003892908571,3.021358225e-06,0.0003179853375,0.0006092970725,0.006270402111,0.1502636224,0.001506416593,0.0005060839467,4.907600669e-06,0.001038986957,5.631210115e-06,1.673856104e-06,0.0008516670787,0.0003995913139,0.0004192755441,0,0.0004562044633,0,0.0002236923901,0.000468763581,0,0.0001654670923,0.0001350558014,0,0,0,0,0,5.951042476e-05,0,0,0.0002102346334,0,0.0002452015178,0.0003906871134,0,0,2.624139779e-05,5.400774535e-05,0,3.321326949e-05,1.207345122e-05,1.69132727e-05,2.068288995e-05,0.003974815365,0.0001882824436,2.57734664e-05,0,0,0.0001202409258,3.790234405e-05,0,0,0,1.546680505e-05,0,0,0,8.076646191e-05,1.057547433e-05,0,0,5.088089529e-05,0.0001120619709
70,0,0,0,0,0,0,0,0,1.052474363e-05,0,0,0,0.01258621365,0.008096814156,0,2.205312558e-05,0,0,0,0,0,0,0,0,0,0,0,0,0,0,0,0,0,0,0,0,0,0,0,0,0,0,0,0,0.002380952239,0,0,0.002380952472,0,0,0,0,0,0,0,0,0,0,0,0,0,0,0,0,0,0,0,0,0,0,0,0.0009853345109,0.2678153515,0,0,0,0,0,0,0,0,8.555940099e-07,0,0.0008205834311,0.02782288194,0,0.0007633924251,0,0,0,0,0,0,0,0,0,0,0,0,0,0,0,0,0,0,0,0,0,0,0,0,0,0,0,0,0,0,0,0,0,0,0,0,0,0,0,0,0,0,0,0,0,0,0,0,0,0,0,0,0,0,0,0
71,0,0,0,0,0,0,0,0,7.17232183e-07,0,5.205842513e-07,0,0.008678314276,0.03269411251,0,4.317688763e-06,0,0,0,0,0,0,0,0,0,0,0,0,0,0,0,0,0,0,0,0,0,0,0,0,0,0,0,0.0002856770298,0.0004983366234,3.741769979e-05,0,0,1.702074405e-05,0,0,0,0,0,0,0,0,0,0,4.684630767e-06,0,0,0,0,0,0,0,0,1.865431614e-06,0,0,0.001020262134,0.2338440716,0,0,0,0,0,0,0,0,0,1.226988024e-05,0.000438737392,0.06326940656,0,0,0,0,0,0,0,0,0,0,0,0,0,0,0,0,0,0,0,0,0,0,0,0,0,0,0,0,0,0,0,0,0,0,0,0,0,0,0,0,0,0,0,0,0,0,0,0,0,0,0,0,0,0,0,0,0,0
72,0.000404079532,0.001095610787,0.0007008053362,0,0,0,0.001246809494,5.433488695e-05,0.00243405276,0.0006622608053,0.0004909560666,0.0008779301425,0.01400830038,0.07673975825,0.0006198690389,0.002335907193,0,0,0,0,0,0,0,0,0,0,0,0.002380952472,0,0.002380952472,0,0,0.002380952472,0,0,0,0,0,0,0,0,0,0,0.01556543726,0.004342001397,0.005213255528,0.004277207423,0.005630398635,0.003614212852,0.002718792064,0.004034847021,0.01797687262,0.005646584556,0.002380952239,0.002380952472,0.0005625162157,0.0006793994689,0.002380952472,0,0.002543664072,0,0.002380952472,0.003617301583,0.0009831715142,0.005648473743,0,0.004627130926,0.0005670097307,0.00506274309,0.0009853345109,0.001020262134,0,0.6708243489,0.006370665971,0.001982274465,0.0007226173184,0.0004560218949,0.0003518031735,0.001329642022,0.0008558194968,0.0007881160127,0.0007629306056,0.005754834507,0.0112266317,0.3417177498,0.009821294807,0.001780697727,0.001757764025,0.000743450888,0.0003290019813,0,0.001380898058,0.0005937663373,0,0,0,0,0.001727318857,0.00191779912,0,0,0,0,0,0,0,0,0.001173137687,0,0,0.001411835081,0,0,0,0,0,0,0.0001686466276,0,0,0.0006836563116,0.001128142932,0.003191695781,0.000958622375,0.0001675962558,0,0,0.000135315262,0.0007392273401,0.001184857101,0.0002266458905,0,0,0.0006463159807,0.0004703757004,0.000271740777,0.0006731365575,0.0004174128699,0.0003630891151,0,0,0,0.002380952472
73,0.3609575331,0.3532034159,0.4872999489,0.462433964,0.3723447323,0.4904179573,0.4972078204,0.5095553994,0.6302874088,0.4788686037,0.5813515186,0.4846986234,0.5533818603,0.9203206897,0.6728590131,0.6670331359,0.25893417,0.1586763114,0.1832568645,0.2353622019,0.2327683419,0.1840349585,0.07504303008,0.04746094719,0.1124789268,0.1868386716,0.5710240602,0.4099727869,0.4845170379,0.5362677574,0.518081367,0.4521488249,0.3220345974,0.2571052909,0.4476979077,0.5139052272,0.1705989838,0.02908039466,0.02857143059,0.0744715482,0.03571428731,0.03436072916,0.009523809887,0.2822464705,0.3351264596,0.1230981797,0.3442845941,0.3691987097,0.3693181872,0.3029600084,0.3484236598,0.4452697635,0.2719630599,0.2105087489,0.1752082705,0.1817063242,0.2307201475,0.2847195566,0.3385008574,0.1914893985,0.1881320179,0.2602249682,0.3155984879,0.3429293931,0.1803382933,0.1989582181,0.2418928742,0.2619866729,0.6039632559,0.2678153515,0.2338440716,0.6708243489,0,0.2083427906,0.2188539505,0.5129454136,0.1956853718,0.2007824779,0.1775985956,0.3466214538,0.3259140849,0.344127655,0.1782269478,0.2070475519,0.7194504738,0.3776463866,0.6448128223,0.3040111661,0.6057639718,0.2742179334,0.1948189586,0.3472919762,0.3428844512,0.3384154439,0.3472757339,0.3392369747,0.3302790225,0.3323067129,0.356813997,0.2879160941,0.3433153629,0.340875417,0.3298393488,0.1359484643,0.1066178232,0.1240971237,0.1551979631,0.2596633136,0.3063535988,0.0939797461,0.3762623966,0.05514276028,0.3713276982,0.3499962091,0.1680325419,0.2066430598,0.2475061119,0.3520658612,0.08833190799,0.1322441548,0.2357340008,0.2715077102,0.1860634983,0.398789227,0.438913554,0.3378288746,0.3006407619,0.1332110763,0.3601282239,0.3307701647,0.3819733262,0.2528700829,0.1495828331,0.3223905265,0.20156838,0.2213316262,0.4592924714,0.3644747138,0.2351489365,0.1619132012,0.1782538891,0.3462027311,0.3789048791
74,0,0,0,0,0,0,0,0,0.0001179287574,1.72401069e-05,2.53714461e-05,5.427622091e-05,0.00955853425,0.02657905035,0,0.0003013511014,0,0,0,0,0,0,0,0,0,0,0,0,0,0,0,0,0,0,0,0,0,0,0,0,0,0,0,0.002685930114,0.002366948407,8.813694149e-05,0.001377788722,0.001475059893,0.0020628192,0.0004648050235,0.0008265857468,5.927559687e-05,0,0,0,0,0,0,0,3.715829007e-05,0,0,1.657769462e-05,0,6.218182875e-07,1.472027907e-05,1.216897886e-06,0,0.0001163041015,0,0,0.006370665971,0.2083427906,0,2.741192247e-06,0,0,0,0,0,0,4.755871487e-06,3.321942586e-06,0.0002575252729,0.05002022907,2.067692367e-05,0.000461872376,0,0,0,0,0.0004011458368,0,0,0,0,0,0,0,0,0,0,0,0,0,0,0,0,0,0,0,0,0,0,0,0,0,0,0,0,0,0,0,0,0,0,0,0,0.0004906902323,0,0,0,0,0,0,0,0,0,0,0,0,0,0
75,0,0,0,0.0004556009953,0,0,0,0.0005079571274,0.0001009280313,2.157324161e-05,7.049705891e-05,9.414499073e-05,0.004410963506,0.02153505199,0.003575880546,0.0001298436837,0,0,0,0,0,0,0,0,0,0,0,0,0,0,0,0.002380952472,0,0,0,0,0,0,0,0,0,0,0,0.0009144940414,0.001166986651,3.811758143e-05,0.00127757946,0.0006241071969,0.0008441607351,8.213199908e-05,7.240741979e-05,9.663567471e-05,6.482847675e-05,0,5.194492132e-06,0,0,0,0,2.806956672e-06,0,0,1.204302976e-06,6.845745588e-07,1.982528147e-06,2.168384071e-06,1.553056245e-05,4.323672329e-05,0.0002524234587,0,0,0.001982274465,0.2188539505,2.741192247e-06,0,0.0001567171712,1.092009552e-05,0,5.400963801e-07,0,0,1.329639417e-05,3.215339802e-06,0.0004244046577,0.0533657223,0.0001015207527,0.001570968656,0.0001085134791,0,0,0,0.0005219208542,0,0,0,0,0,0,0,0,0,0,0,0,0,0,0,0,0,0,0,0,0,0,0,0,0,0,0,0,0,0,0,0,0.000232888895,0,0.0002308124967,0,0,1.594230889e-05,0,0,0,0,0,0,0,0,0,0,0,0,2.923584907e-05
76,0,0,1.946896191e-05,0,0,0.002380952472,0,0,4.065517351e-05,0,5.694761057e-06,0,0.004061776679,0.02787503786,8.415082448e-06,0.0001326398924,0,0,0,0,0,0,0,0,0,0,0,0,0,0,0,0,0,0,0,0,0,0,0,0,0,0,0,0.002799755661,0.0004362750042,0.0004352466785,0.001064283657,0.0007953850436,0.0006317268708,0.001643094816,0.0003709461598,0.0008120391867,0,0,0,0,0,0,0,0.0007052075816,0,0,0,9.279231745e-05,0,0,8.583533781e-05,7.071476375e-06,0.0002419670927,0,0,0.0007226173184,0.5129454136,0,0.0001567171712,0,3.56089771e-07,0,0,0,0,0.0004785767815,0,0.001516842749,0.2326785922,0.0004927504342,1.290785622e-05,9.433404102e-07,4.056242688e-06,9.499423186e-07,2.976554924e-06,0.0002431662579,2.787695666e-05,0,0,0,0,0,0,0,0,0,0,0,0,0,0,0,0,0,0,0,0.0002022408735,0,0,0,0,0,0,0,0,0,0,0,0,0,0,0,0,0,0,0,0,0,0,0,0,0,0,0,0,0,0
77,0,0,0,0,0,0,0,0.000113782422,1.288703515e-05,0,9.607229913e-06,0,0.007990256883,0.02498449199,0,1.383550989e-05,0,0,0,0,0,0,0,0,0,0,0,0,0,0,0,0,0,0,0,0,0,0,0,0,0,0,0,0.002131293761,0.0004315204278,8.499540854e-05,0.001112831407,0.0001647077152,0.003547568107,0,0.0003266833373,0.0001523247192,0,0,3.53050018e-05,0,0,0,0,0,0,0,0.000102939026,5.463964771e-05,0,0,2.530234087e-05,2.048921306e-05,5.500619227e-05,0,0,0.0004560218949,0.1956853718,0,1.092009552e-05,3.56089771e-07,0,0,0,0,0,0,0,0.0002851368627,0.07247187942,6.395923992e-05,0,0,0,0,0,0,0,0,0,0,0,0,0,0,0,0,0,0,0,0,0,0,0,0,0,0,0,0,0,0,0,0,0,0,0,0,0,0,0,0,0,0,0,0,0,0,0,0,0,0,0,0,0,0,0,0,0
78,0,0,0,0,0,0,0,0,0,0,6.87735735e-07,0,0.002902026987,0.01141009387,0,1.705003524e-05,0,0,0,0,0,0,0,0,0,0,0,0,0,0,0,0,0,0,0,0,0,0,0,0,0,0,0,0.0003622099466,0,0,0,0,0,0,0,0,0,0,0,0,0,0,0,1.064950175e-05,0,0,0,0,0,0,0,0,2.831643906e-05,0,0,0.0003518031735,0.2007824779,0,0,0,0,0,0,0,0,0,0,0.0002148437925,0.06851162016,0,0,0,0,0,0,0,0,0,0,0,0,0,0,0,0,0,0,0,0,0,0,0,0,0,0,0,0,0,0,0,0,0,0,0,0,0,0,0,0,0,0,0,0,0,0,0,0,0,0,0,0,0,0,0,0,0,0
79,0,0,0,4.787458238e-05,0,0.002380952239,0.001385390642,2.745272468e-05,3.268622822e-05,0,2.210450111e-05,2.985525862e-05,0.006104428321,0.03092060052,0.0005184821784,7.044928498e-05,0,0,0,0,0,0,0,0,0,0,0,0,0,0,0,0,0,0,0,0,0,0,0,0,0,0,0,0.00140930037,0.002758675721,3.595829912e-05,0.001089518075,0.0001380252506,0.002086870139,7.032076974e-05,0.0002593132958,0.0002591421653,0,0,0,0,0,1.106362015e-05,0,1.976224485e-05,0,0,2.442249388e-05,0,0,0,3.42636049e-05,0,7.210139302e-05,0,0,0.001329642022,0.1775985956,0,5.400963801e-07,0,0,0,0,0,0,0,0,0.0003377088578,0.07558611035,0.0001006250168,0.0003790080664,0,0,0,0,0.00142598385,0,0,0,0,0,0,0,0,0,0,0,0,0,0,0,0,0,0,0,0,0,0,0,0,0,0,0,0,0,0,0,0,0.00173501065,0,0,0,0,0,0,0,0,0,0,0,0,0,0,0,0,0,0
80,0,0,0,0,0,0,0,0,8.165550389e-05,0,3.623776865e-05,0,0.02982456051,0.04994167015,0,0.0001327605278,0,0,0,0,0,0,0,0,0,0,0,0,0,0,0,0,0,0,0,0,0,0,0,0,0,0,0,0.0007027318934,0.001407775097,0,0.0004911647411,0.0001661439746,1.750580304e-05,0.0001923107775,0,1.861551391e-05,0,0,0,0,0,0,0,7.01882891e-05,0,0,1.000884731e-05,0,0,0,5.657289512e-05,0,0.0003892908571,0,0,0.0008558194968,0.3466214538,0,0,0,0,0,0,0,0,1.698350047e-06,0.0001189883696,0.001302410383,0.04888005182,7.1348848e-05,0,0,0,0,0,0,0,0,0,0,0,0,0,0,0,0,0,0,0,0,0,0,0,0,0,0,0,0,0,0,0,0,0,0,0,0,0,0,0,0,0,0,0,0,0,0,0,0,0,0,0,0,0,0,0,0,1.834094178e-06
81,0,0,0,0,0,0,0,0,3.191280484e-06,0,2.89569266e-06,3.499836112e-06,0.04264025018,0.0936300382,0,1.498916026e-05,0,0,0,0,0,0,0,0,0,0,0,0,0,0,0,0,0,0,0,0,0,0,0,0,0,0,0,0.0004402651102,0.0001469607814,0.0003854592796,0,0,0,0.0002623515611,0,0,0,0,0,0,0,0,0,0,0,0,0,0,0,0,0,0,3.021358225e-06,0,0,0.0007881160127,0.3259140849,0,0,0,0,0,0,0,0,0,0.0001343148615,0.0002771275176,0.1091646403,0,3.277235737e-05,0,0,0,0,0,0,0,0,0,0,0,0,0,0,0,0,0,0,0,0,0,0,0,0,0,0,0,0,0,0,0,0,0,0,0,0,0,0,0,0,0,0,0,0,0,0,0,0,0,0,0,0,0,0,0,0
82,0,0,0,0,0,0,0,0,5.682113988e-05,0.0001487690606,7.093117893e-05,3.113947241e-05,0.02654851973,0.04556717724,0.0002845881972,9.467156633e-05,0,0,0,0,0,0,0,0,0,0,0,0,0,0,0,0,0,0,0,0,0,0,0,0,0,0,0,0.0006374806981,0.0002406351705,0.0001015019006,0.0005488010356,0.0001616957743,3.097643685e-06,1.614182293e-05,2.978404609e-06,4.278838969e-05,0,0,0,0,0,0,3.098247817e-06,4.199950126e-05,0,0,7.95848905e-07,1.30682065e-06,0,0,5.119721754e-05,9.858820704e-06,0.0003179853375,8.555940099e-07,0,0.0007629306056,0.344127655,4.755871487e-06,1.329639417e-05,0.0004785767815,0,0,0,1.698350047e-06,0,0,0.000888732262,0.001148687908,0.04920228943,0.0001355510321,0.001953505212,0,0,0,0,0,0,0,0,0,0,0,0,0,0,0,0,0,0,0,0,0,0,0,0,0,6.390670478e-06,0,0,0,0,0,0,0,0,1.344221982e-05,0,0,0,0,0,0,0,0,0,0,0,0,0,0,0,0,0,0,0,0,0
83,0,0,0.002380952472,0.002380952472,0,0,0,0,0.0005590089131,0,0.0003033286775,0.0003982275084,0.01137165539,0.03754629195,0.003432848491,0.001507808687,0,0,0,0,0,0,0,0,0,0,0,0,0,0,0,0,0,0,0,0,0,0,0,0,0,0,0,0.001350241364,0.004245311022,8.201800665e-05,0.001472534263,0.002411182271,0.001492238254,0.0005052552442,0.0005173114478,0.0001912511216,0,4.763876495e-05,5.130227237e-06,9.03714772e-06,5.641509415e-05,0.0001206222441,0.0001358727168,3.584346359e-06,0,0,7.468945114e-05,6.257101631e-05,4.367880592e-06,0,2.927658898e-06,2.279105684e-05,0.0006092970725,0,1.226988024e-05,0.005754834507,0.1782269478,3.321942586e-06,3.215339802e-06,0,0,0,0,0.0001189883696,0.0001343148615,0.000888732262,0,0.0001698493725,0.06858089566,3.951204781e-05,0.0009175144951,3.811344504e-05,0.002761389827,0,0,0,0.0001214202639,0,0,0,0,0,0,0,0,0,0,0,0,0,0,0,0,0,3.248827488e-05,0,0,0,0,0,0,0,0,0,0,0,0,0,0,0,0,0,0,0,0,0,0,0,0,0,0,0,0,0,0,0,0
84,0.0004662080028,0.004155889619,0.002391390735,0.0054733078,0.002606292022,0.00389806577,0.003008480649,0.005205724388,0.01000180654,0.002355198376,0.004894309677,0.004874738865,0.02064214088,0.07020802796,0.01393111609,0.01273124851,0,0.002380952472,0,0,0.002380952472,0,0,0,0,0.002380952239,0.00315126963,0.002979173325,0.003740449902,0.007001259364,0.004747925326,0.0003074810083,0.002380952472,0,0.007142857648,0.004592215642,0,0,0,0,0,0,0,0.009583488107,0.00366707053,0.0005091557978,0.001736715785,0.002885523019,0.003625686746,0.001594386529,0.001440174412,0.002102071419,0.0002495460212,0.0002576436964,0.0001770938979,0.00048915355,0.0006002735463,0.000629023707,0.0004870702687,0.0002168203791,0.0003496712598,0.0004259397392,0.0009759526001,0.0008254787535,0.0002469150058,0.0002692932903,0.0001741543674,0.0004521751252,0.006270402111,0.0008205834311,0.000438737392,0.0112266317,0.2070475519,0.0002575252729,0.0004244046577,0.001516842749,0.0002851368627,0.0002148437925,0.0003377088578,0.001302410383,0.0002771275176,0.001148687908,0.0001698493725,0,0.06135711074,0.0003356482775,0.005741216708,0.0007264039014,0.004507155158,8.110286581e-05,0.0003403661249,0.002603108063,0.001164089772,0,0.004413587041,0.000761747011,0.0003540888429,0.002540801652,0.0002215905406,0.0004978032084,0.001367786434,0.0009627534891,0.0005308939726,0,0,0,5.942473217e-05,0.0004307043855,0.0006426744512,0,0.001070825034,0.002380952472,0.0009448259952,0.0005099850241,0,0.0001205477165,0.0001056970286,0.0003517032892,0,0.0002788061975,0,0.0002226512443,7.600371464e-05,0.003122820752,0.002814770676,0.001125903684,0.000306521164,0.0006685495027,0.0008956930251,0.0006671213778,0.0005686438526,0.0007820432074,8.437184442e-05,0.001692970749,0,0.0002236783766,0.001613364089,0.0008767986437,0.000171535954,0,0,0.002028923715,0.0006392711075
85,0.06254136562,0.09195248038,0.09629138559,0.1252321452,0.07839228958,0.1110697985,0.1454748809,0.1326197833,0.2131191939,0.2057658881,0.1754263937,0.1611767113,0.2917554379,0.5628576875,0.372908622,0.2184902579,0.04226987064,0.03882201388,0.03470719233,0.04781243578,0.04579448327,0.01157893986,0.02380952425,0.008451380767,0.01081310399,0.03510017693,0.1602166891,0.1008543968,0.1555744559,0.13635315,0.1419721991,0.09211799502,0.06094799563,0.04360085726,0.07547990978,0.1184779406,0.03405970708,0.004761904944,0.003617624519,0.01053112373,0.01190476213,0.004761904944,0,0.2284287363,0.1306684613,0.1074925587,0.0730246231,0.1038589329,0.1158154681,0.05901934206,0.05436373502,0.00778438244,0.02105445415,0.03819014505,0.06937447935,0.0727340728,0.06278049946,0.03551817685,0.04654035717,0.06009047106,0.04461196437,0.04333725572,0.04260608926,0.03342992067,0.06962832808,0.0680379197,0.03178207949,0.02931009606,0.1502636224,0.02782288194,0.06326940656,0.3417177498,0.7194504738,0.05002022907,0.0533657223,0.2326785922,0.07247187942,0.06851162016,0.07558611035,0.04888005182,0.1091646403,0.04920228943,0.06858089566,0.06135711074,0,0.01329677366,0.3012946844,0.113716267,0.3215317726,0.08583448827,0.07878804207,0.06765212864,0.05872926489,0.067423895,0.06586386263,0.06820431352,0.06946196407,0.07440367341,0.08086439222,0.04569535702,0.07259817421,0.07974157482,0.04230226576,0.02272026427,0.02656958066,0.023266064,0.01651574299,0.03039095365,0.06326303631,0.01473267563,0.06268682331,0.02222962864,0.05222858861,0.035155233,0.01021652948,0.05044094846,0.02632420138,0.05326031521,0.01773526147,0.04078318551,0.05483064428,0.03624023497,0.06442503631,0.1800496727,0.08977728337,0.04863870889,0.0448762849,0.035103634,0.06539670378,0.04277961701,0.06580136716,0.0393551439,0.0387057215,0.05250809714,0.03337979317,0.04764926434,0.151033178,0.1196064875,0.1022254825,0.04079465568,0.03465934098,0.07012619823,0.05467459187
86,1.07396454e-05,0,0.0006599343033,0,0.0009937989525,0.0008202067111,0,0.0002657173318,0.00311258994,0.0007507235277,0.001093501458,0.0008703780477,0.02090746723,0.05348053947,0.007492063567,0.00339419744,0,0,0,0,0,0,0,0,0,0,0.0006687698187,0,0,0,0,0,0,0,0,0,0,0,0,0,0,0,0,0.005270452239,0.001915430767,0.0006626888062,0.0004041103821,0.001069955761,0.001422895934,0.0001478277263,0.0002801412484,3.586796447e-05,0,9.49152527e-05,0.0001086308766,7.129710866e-05,2.797965681e-05,0,1.55748221e-05,4.857498789e-05,0.000120803772,0,8.789248386e-05,4.040416025e-05,3.758230378e-05,0.0003248216235,5.614492238e-06,1.730196709e-05,0.001506416593,0,0,0.009821294807,0.3776463866,2.067692367e-05,0.0001015207527,0.0004927504342,6.395923992e-05,0,0.0001006250168,7.1348848e-05,0,0.0001355510321,3.951204781e-05,0.0003356482775,0.01329677366,0,0.00231899973,6.669483992e-05,0.001967479941,0.000111626854,0.0001544629922,0.0002247652446,0,0,0.0003736049111,0,0,0,0.0008519011317,0.0001135584098,3.90841742e-05,0,7.794568955e-05,0,0,0,0,0.0001068638594,0,0,8.111077477e-05,0,0.0001508240093,0,0,0,0,0,0,0,0,0,0,0,0,0,0,0,0.0003886628547,0.0002467018203,0,0,0,0.0003710835881,0,0,0,0,0,0,0,0.0002739886404,7.131082384e-05
87,4.704579987e-05,3.261708116e-05,0,0,0.001226632739,0,0.0001200875704,0.003508539638,0.0008251553518,1.370840982e-05,5.435938874e-05,0.0003397795663,0.01564073376,0.1214125082,2.658051017e-05,0.001575557631,0,0,0,0,0,0,0,0,0,0,0.002380952472,0,0,0,0,0,0,0,0,0,0,0,0,0,0,0,0,0.01640515774,0.002208399586,0.001741896966,0.001742614084,0.001370958285,0.004822147544,0.002580910921,0.001833078219,0.003934668377,0,0,0,0.0004024876398,6.388783368e-05,0.0001432310964,0,0.002106334083,0,0.0001851913839,0.0008102102438,0.0006864766474,0.0001792678086,6.786976883e-05,0.000595844409,0.000215965134,0.0005060839467,0.0007633924251,0,0.001780697727,0.6448128223,0.000461872376,0.001570968656,1.290785622e-05,0,0,0.0003790080664,0,3.277235737e-05,0.001953505212,0.0009175144951,0.005741216708,0.3012946844,0.00231899973,0,4.222211828e-06,0.0001446579699,1.054515451e-05,0,0.001935657463,0.0002758613846,0,0,0,0,0,0,0,0,0,0,0,0,0,0,0,0,0,0,0,0.0006788891042,0,0,0,0.002380952472,0,0,0,0,0.002380952472,0,7.187511801e-05,0.0001357760048,0,0,0,0.0002448193554,0.000386519474,0,0,0,0,0,0,2.495723675e-05,6.960243809e-06,0,0,0,0,0.002496984322
88,0,0,0,0,0,0,0,0,1.207788682e-05,0,1.665336072e-06,0,0.006370262709,0.02644371614,0.0005132172373,3.443122478e-05,0,0,0,0,0,0,0,0,0,0,0,0,0,0,0,0,0,0,0,0,0,0,0,0,0,0,0,0.005614101887,0.004018426873,0.000189852828,0,0.002461763332,0,0,0,5.558638804e-05,0,0,2.055559889e-05,0,0,0,0,6.344095254e-06,0,0,0,0,0,0,1.149666332e-05,4.373278443e-06,4.907600669e-06,0,0,0.001757764025,0.3040111661,0,0.0001085134791,9.433404102e-07,0,0,0,0,0,0,3.811344504e-05,0.0007264039014,0.113716267,6.669483992e-05,4.222211828e-06,0,1.060700106e-05,0,0,0,0,0,0,0,0,0,0,0,0,0,0,0,0,0,0,0,0,0,0,0,0,0,0,0,0,0,0,0,0,0,0,0,0,0,0,0,0,0,0,0,0,0,0,0,0,0,0,0,0,0,0.000645266904
89,0,0,0,0,0,0,0,0,4.847526725e-05,0,9.861701074e-06,0,0.04170017689,0.04872841015,0,0.0002861077373,0,0,0,0,0,0,0,0,0,0,0,0,0,0,0,0,0,0,0,0,0,0,0,0,0,0,0,0.001518594683,0.0002303548245,0,0.0008736717864,0,0.0001166272414,0.0002387335699,0.001023005578,0.0008603445021,0,0,0,0,0,0,0,0.0005453018239,0,0,0,0,4.447430547e-05,0,0,0,0.001038986957,0,0,0.000743450888,0.6057639718,0,0,4.056242688e-06,0,0,0,0,0,0,0.002761389827,0.004507155158,0.3215317726,0.001967479941,0.0001446579699,1.060700106e-05,0,0,0,0,6.61203012e-06,0,0,0,0,0,0,0,0,0,0,0,0,0,0,0,0,0,0,0,0,0,0,0,0,0,0,0,0,0,0,0,0,0,0,0,0,0,0,0,0,0,0,0,0,0,0,0,0,0,0
90,0,0,0,0,0,0,0,0,8.753735301e-07,0,1.31770139e-06,0,0.01111188903,0.02979022637,0,0,0,0,0,0,0,0,0,0,0,0,0,0,0,0,0,0,0,0,0,0,0,0,0,0,0,0,0,0.0004532789462,0.000218796733,0,0,0.0004260165733,0,0,0,1.878375042e-05,0,0,0,0,0,0,0,4.249875929e-05,0,0,0,0,0,0,0,0,5.631210115e-06,0,0,0.0003290019813,0.2742179334,0,0,9.499423186e-07,0,0,0,0,0,0,0,8.110286581e-05,0.08583448827,0.000111626854,1.054515451e-05,0,0,0,0,0,0,0,0,0,0,0,0,0,0,0,0,0,0,0,0,0,0,0,0,0,0,0,0,0,0,0,0,0,0,0,0,0,0,0,0,0,0,0,0,0,0,0,0,0,0,0,0,0,0,0,0
91,0,0,0,0,0,0,0,0,4.576805168e-06,0,1.934522288e-06,0,0.001771867159,0.00922461506,0.0007119471557,3.715035973e-06,0,0,0,0,0,0,0,0,0,0,0,0,0,0,0,0,0,0,0,0,0,0,0,0,0,0,0,0.0008714929572,0.003087981138,1.806895307e-05,0.001030343701,0,0,1.286644329e-05,0,7.37435621e-05,0.0001419260079,0,0,0,0,0,0,0,0,0,0,0,0,0,1.891861029e-05,0,1.673856104e-06,0,0,0,0.1948189586,0,0,2.976554924e-06,0,0,0,0,0,0,0,0.0003403661249,0.07878804207,0.0001544629922,0,0,0,0,0,0,0,0,0,0,0,0,0,0,0,0,0,0,0,0,0,0,0,0,0,0,0,0,0,0,0,0,0,0,0,0,0,0,0,0,0,0,0,0,0,0,0,0,0,0,0,0,0,0,0,0,0
92,0,0,0,0.0002926008601,0,0,0,0,0.0004813054693,0,2.822289389e-05,0.000277860905,0.04526519775,0.2036455572,0.001743171364,0.0004596313811,0,0,0,0,0,0,0,0,0,0,0.0005678495509,0,0,0,0,0,0,0,0,0,0,0,0,0,0,0,0,0.0005906168954,0.0001331443054,0.0002631673415,4.148124935e-05,3.344470315e-05,1.73910496e-06,2.876238068e-05,4.154607268e-06,0.0001739200234,0,0,0,0,0,0,0,0.000148079358,0,0.00288567692,1.616477311e-05,4.429889304e-05,0,0,2.24252708e-05,0,0.0008516670787,0,0,0.001380898058,0.3472919762,0.0004011458368,0.0005219208542,0.0002431662579,0,0,0.00142598385,0,0,0,0,0.002603108063,0.06765212864,0.0002247652446,0.001935657463,0,0,0,0,0,0,0,0,0,0,0,0,0,0,0,0,0,0,0,0,0,0,0,0,0,0,0,0,0,0,0,0,0,0,0,0,0,0,0.0001431906276,0,0,0,0,0,0,0,0,0,0,0,0,0,0,0,0,0
93,0,0,0,0,0,0,0,0,7.777194696e-05,0,9.335394861e-05,0,0.03957408294,0.1065386385,0,0.0001384383795,0,0,0,0,0,0,0,0,0,0,0,0,0,0,0,0,0,0,0,0,0,0,0,0,0,0,0,0.0005889653112,0.000535066938,0.0008102912107,0.0005864484701,0.0003578520846,1.560893111e-06,0,0,5.171491466e-06,0,0,0,0,0,0,0,0,0,0,3.237465353e-05,4.209521194e-06,6.24582317e-05,0,4.619178435e-05,0,0.0003995913139,0,0,0.0005937663373,0.3428844512,0,0,2.787695666e-05,0,0,0,0,0,0,0.0001214202639,0.001164089772,0.05872926489,0,0.0002758613846,0,6.61203012e-06,0,0,0,0,0,0,0,0,0,0,0,0,0,0,0,0,0,0,0,0,0,0,0,0,0,0,0,0,0,0,0,0,0,0,0,0,0,0,0,0,0,0,0,0,0,0,0,0,0,0,0,0,0,0
94,0,0,0,0,0,0,0,0,0,0,0,0,0.007022554986,0.04100148007,0,0,0,0,0,0,0,0,0,0,0,0,0,0,0,0,0.001205009175,0,0,0,0,0,0,0,0,0,0,0,0,0.0009035575786,0,0,0,0,0,0,0,0,0,0,0,0,0,0,0,0,0,0,0,0,0,0,0,0,0.0004192755441,0,0,0,0.3384154439,0,0,0,0,0,0,0,0,0,0,0,0.067423895,0,0,0,0,0,0,0,0,0,0,0,0,0,0,0,0,0,0,0,0,0,0,0,0,0,0,0,0,0,0,0,0,0,0,0,0,0,0,0,0,0,0,0,0,0,0,0,0,0,0,0,0,0,0,0,0,0,0
95,0,0,0,0,0,0,0,0,0.0002167427156,0,4.49460822e-05,0,0.006018439773,0.01771430112,0,0.0001679009729,0,0,0,0,0,0,0,0,0,0,0,0,0,0,0,0,0,0,0,0,0,0,0,0,0,0,0,2.796490298e-05,0,0,0,0,0,0,0,0,0,0,0,0,0,0,0,0,0,0,0,0,0,0,0,0,0,0,0,0,0.3472757339,0,0,0,0,0,0,0,0,0,0,0.004413587041,0.06586386263,0.0003736049111,0,0,0,0,0,0,0,0,0,0,0,0,0,0,0,0,0,0,0,0,0,0,0,0,0,0,0,0,0,0,0,0,0,0,0,0,0,0,0,0,0,0,0,0,0,0,0,0,0,0,0,0,0,0,0,0,0
96,0,0,0,0,0,0,0,0,0,0,0,0,0.008998341858,0.01390893664,0,0,0,0,0,0,0,0,0,0,0,0,0,0,0,0,0,0,0,0,0,0,0,0,0,0,0,0,0,0.0004379353486,0,0,0,0,0,0,0,0,0,0,0,0,0,0,0,0,0,0,0,0,0,0,0,0,0.0004562044633,0,0,0,0.3392369747,0,0,0,0,0,0,0,0,0,0,0.000761747011,0.06820431352,0,0,0,0,0,0,0,0,0,0,0,0,0,0,0,0,0,0,0,0,0,0,0,0,0,0,0,0,0,0,0,0,0,0,0,0,0,0,0,0,0,0,0,0,0,0,0,0,0,0,0,0,0,0,0,0,0,0
97,0,0,0,0,0,0,0,0,0,0,0.000363007508,0,0.00729107298,0.01457818132,0,0,0,0,0,0,0,0,0,0,0,0,0,0,0,0,0,0,0,0,0,0,0,0,0,0,0,0,0,0.0007716779946,0,0,0,0,0,0,0,0,0,0,0,0,0,0,0,0,0,0,0,0,0,0,0,0,0,0,0,0,0.3302790225,0,0,0,0,0,0,0,0,0,0,0.0003540888429,0.06946196407,0,0,0,0,0,0,0,0,0,0,0,0,0,0,0,0,0,0,0,0,0,0,0,0,0,0,0,0,0,0,0,0,0,0,0,0,0,0,0,0,0,0,0,0,0,0,0,0,0,0,0,0,0,0,0,0,0,0
98,0,0,0,0,0,0,0,0,7.737114356e-05,0,0,0,0.00707632862,0.0187967848,0.002380952472,0,0,0,0,0,0,0,0,0,0,0,0,0,0,0,0,0,0,0,0,0,0,0,0,0,0,0,0,0.0002743523801,0,6.976094301e-05,0,0,0,0,0,0.000368495821,0,0,0,0,0,0,0,0,0,0,0,0,0,0,0,0,0.0002236923901,0,0,0.001727318857,0.3323067129,0,0,0,0,0,0,0,0,0,0,0.002540801652,0.07440367341,0,0,0,0,0,0,0,0,0,0,0,0,0,0,0,0,0,0,0,0,0,0,0,0,0,0,0,0,0,0,0,0,0,0,0,0,0,0,0,0,0,0,0,0,0,0,0,0,0,0,0,0,0,0,0,0,0,0
99,0,0,0,0,0,0,0,0,2.588714779e-05,0,0,0.0005680083996,0.008277718909,0.05078769103,0,0,0,0,0,0,0,0,0,0,0,0,0,0,0,0,0,0,0,0,0,0,0,0,0,0,0,0,0,0.0005447574076,0,0,1.745220106e-05,0,0,0,2.954115189e-06,0,0,0,0,0,0,0,0,0,0,0,0,0,0,0,0,0,0.000468763581,0,0,0.00191779912,0.356813997,0,0,0,0,0,0,0,0,0,0,0.0002215905406,0.08086439222,0.0008519011317,0,0,0,0,0,0,0,0,0,0,0,0,0,0,0,0,0,0,0,0,0,0,0,0,0,0,0,0,0,0,0,0,0,0,0,0,0,0,0,0,0,0,0,0,0,0,0,0,0,0,0,0,0,0,0,0,0
100,0,0,0,0,0,0,0,0,0.0001005319646,0,0,0,0.005231053103,0.001497729914,0,0,0,0,0,0,0,0,0,0,0,0,0,0,0,0,0,0,0,0,0,0,0,0,0,0,0,0,0,0.000861018314,0,0,0,0,0,0,5.672967291e-06,0,0,0,0,0,0,0,0,0,0,0,6.234876491e-05,0,0,0,0.0005982670118,0,0,0,0,0,0.2879160941,0,0,0,0,0,0,0,0,0,0,0.0004978032084,0.04569535702,0.0001135584098,0,0,0,0,0,0,0,0,0,0,0,0,0,0,0,0,0,0,0,0,0,0,0,0,0,0,0,0,0,0,0,0,0,0,0,0,0,0,0,0,0,0,0,0,0,0,0,0,0,0,0,0,0,0,0,0,0
101,0,0,0,0,0,0,0,0,3.321162876e-05,0,4.067350892e-05,0,0.007311080117,0.0253089983,0.002380952472,0,0,0,0,0,0,0,0,0,0,0,0,0,0,0,0,0,0,0,0,0,0,0,0,0,0,0,0,0.0001736797421,1.619331124e-05,0,0,0,0,0,0,0,0,0,0,0,0,0,0,0,0,0,0,0,0,0,0,0,0.0001654670923,0,0,0,0.3433153629,0,0,0,0,0,0,0,0,0,0,0.001367786434,0.07259817421,3.90841742e-05,0,0,0,0,0,0,0,0,0,0,0,0,0,0,0,0,0,0,0,0,0,0,0,0,0,0,0,0,0,0,0,0,0,0,0,0,0,0,0,0,0,0,0,0,0,0,0,0,0,0,0,0,0,0,0,0,0
102,0,0,0,0,0,0,0,0,6.63570172e-05,0,0,0,0.008766094223,0.04148907587,0,2.431505527e-05,0,0,0,0,0,0,0,0,0,0,0,0,0,0,0,0,0,0,0,0,0,0,0,0,0,0,0,0.001169586089,0,0,0,0,0,0,0,0,0,0,0,0,0,0,0,0,0,0,0,0,0,0,0,0,0.0001350558014,0,0,0,0.340875417,0,0,0,0,0,0,0,0,0,0,0.0009627534891,0.07974157482,0,0,0,0,0,0,0,0,0,0,0,0,0,0,0,0,0,0,0,0,0,0,0,0,0,0,0,0,0,0,0,0,0,0,0,0,0,0,0,0,0,0,0,0,0,0,0,0,0,0,0,0,0,0,0,0,0,0
103,0,0,0,0,0,0,0,0,0,0,0,0,0.003769408911,0.007572289556,0,0.0001272675872,0,0,0,0,0,0,0,0,0,0,0,0,0,0,0,0,0,0,0,0,0,0,0,0,0,0,0,0,0,0,0,0,0,0,0,0,0,0,0,0,0,0,0,0,0,0,0,0,0,0,0,0,0,0,0,0,0.3298393488,0,0,0,0,0,0,0,0,0,0,0.0005308939726,0.04230226576,7.794568955e-05,0,0,0,0,0,0,0,0,0,0,0,0,0,0,0,0,0,0,0,0,0,0,0,0,0,0,0,0,0,0,0,0,0,0,0,0,0,0,0,0,0,0,0,0,0,0,0,0,0,0,0,0,0,0,0,0,0
104,0,0,0,0,0,0,0,0,0,0,0,0,0.001622719225,0,0,0.0002948236943,0,0,0,0,0,0,0,0,0,0,0,0,0,0,0,0,0,0,0,0,0,0,0,0,0,0,0,0,0,0,0,0,0,0,0,0.0001101584858,0,0,0,0,0,0,0,0,0,0,0,0,0,0,0,0,0,0,0,0,0.1359484643,0,0,0,0,0,0,0,0,0,0,0,0.02272026427,0,0,0,0,0,0,0,0,0,0,0,0,0,0,0,0,0,0,0,0,0,0,0,0,0,0,0,0,0,0,0,0,0,0,0,0,0,0,0,0,0,0,0,0,0,0,0,0,0,0,0,0,0,0,0,0,0,0
105,0,0,0,0,0,0,0,0,0,0,0,0,0,0.002380952472,0,0,0,0,0,0,0,0,0,0,0,0,0,0,0,0,0,0,0,0,0,0,0,0,0,0,0,0,0,0,0,0,0,0,0,0,0,0,0,0,0,0,0,0,0,0,0,0,0,0,0,0,0,0,0,0,0,0,0.1066178232,0,0,0,0,0,0,0,0,0,0,0,0.02656958066,0,0,0,0,0,0,0,0,0,0,0,0,0,0,0,0,0,0,0,0,0,0,0,0,0,0,0,0,0,0,0,0,0,0,0,0,0,0,0,0,0,0,0,0,0,0,0,0,0,0,0,0,0,0,0,0,0,0
106,0,0,0,0,0,0,0,0,0,0,0,0,0,0.002380952472,0,0,0,0,0,0,0,0,0,0,0,0,0,0,0,0,0,0,0,0,0,0,0,0,0,0,0,0,0,0,0,0,0,0,0,0,0,0,0,0,0,0,0,0,0,0,0,0,0,0,0,0,0,0,0,0,0,0,0.1240971237,0,0,0,0,0,0,0,0,0,0,0,0.023266064,0,0,0,0,0,0,0,0,0,0,0,0,0,0,0,0,0,0,0,0,0,0,0,0,0,0,0,0,0,0,0,0,0,0,0,0,0,0,0,0,0,0,0,0,0,0,0,0,0,0,0,0,0,0,0,0,0,0
107,0,0,0,0,0,0,0,0,0,0,0,0,0.001114888117,0.001658470253,0,0,0,0,0,0,0,0,0,0,0,0,0,0,0,0,0,0,0,0,0,0,0,0,0,0,0,0,0,0,0,0,0,0,0,0,0,0,0,0,0,0,0,0,0,0,0,0,0,0,0,0,0,0,0,0,0,0,0.1551979631,0,0,0,0,0,0,0,0,0,0,5.942473217e-05,0.01651574299,0,0,0,0,0,0,0,0,0,0,0,0,0,0,0,0,0,0,0,0,0,0,0,0,0,0,0,0,0,0,0,0,0,0,0,0,0,0,0,0,0,0,0,0,0,0,0,0,0,0,0,0,0,0,0,0,0,0
108,0,0,0,0,0,0.0001643905271,0,0,1.293652872e-06,0,3.017790732e-05,0,0.00183426775,0.006128603127,0,2.723010766e-05,0,0,0,0,0,0,0,0,0,0,0,0,0,0,0,0,0,0,0,0,0,0,0,0,0,0,0,2.917040729e-05,0.0009644028614,0,0,0,0,0,0,1.366471588e-05,0,0,0,0,0,0,0,0,0,0,0,0,0,0,0,0,5.951042476e-05,0,0,0.001173137687,0.2596633136,0,0,0,0,0,0,0,0,0,0,0.0004307043855,0.03039095365,0.0001068638594,0,0,0,0,0,0,0,0,0,0,0,0,0,0,0,0,0,0,0,0,0,0,0,0,0,0,0,0,0,0,0,0,0,0,0,0,0,0,0,0,0,0,0,0,0,0,0,0,0,0,0,0,0,0,0,0,0
109,0,0,0,0,0,0,0,0,0,0,0,0,0.004486258607,0.01225872524,0,0,0,0,0,0,0,0,0,0,0,0,0,0,0,0,0,0,0,0,0,0,0,0,0,0,0,0,0,0.0006631157594,0,1.369420897e-05,0,0,0,0,0,0,0,0,0,0,0,0,0,0,0,0,0,0,0,0,0,0,0,0,0,0,0.3063535988,0,0,0,0,0,0,0,0,0,0,0.0006426744512,0.06326303631,0,0,0,0,0,0,0,0,0,0,0,0,0,0,0,0,0,0,0,0,0,0,0,0,0,0,0,0,0,0,0,0,0,0,0,0,0,0,0,0,0,0,0,0,0,0,0,0,0,0,0,0,0,0,0,0,0,0
110,0,0,0,0,0,0,0,0,0,0,0,0,0.001211465336,0,0,0,0,0,0,0,0,0,0,0,0,0,0,0,0,0,0,0,0,0,0,0,0,0,0,0,0,0,0,0,0,0,0,0,0,0,0,0,0,0,0,0,0,0,0,0,0,0,0,0,0,0,0,0,0,0,0,0,0.0939797461,0,0,0,0,0,0,0,0,0,0,0,0.01473267563,0,0,0,0,0,0,0,0,0,0,0,0,0,0,0,0,0,0,0,0,0,0,0,0,0,0,0,0,0,0,0,0,0,0,0,0,0,0,0,0,0,0,0,0,0,0,0,0,0,0,0,0,0,0,0,0,0,0
111,0,0,0,0,0,0,0,0,5.363368473e-05,0,3.271444439e-05,0,0.002227268647,0.006987881847,0.0002899780811,0.0001317864808,0,0,0,0,0,0,0,0,0,0,0,0,0,0,0,0,0,0,0,0,0,0,0,0,0,0,0,0.001150921686,0,0.0001072930754,7.82754978e-06,0,1.071341649e-05,0,2.681330216e-06,1.378510024e-05,0,0,0,0,0,0,0,0,0,0,0,0,0,0,0.0003965953656,0,0.0002102346334,0,0,0.001411835081,0.3762623966,0,0,0,0,0,0,0,0,0,3.248827488e-05,0.001070825034,0.06268682331,8.111077477e-05,0,0,0,0,0,0,0,0,0,0,0,0,0,0,0,0,0,0,0,0,0,0,0,0,0,0,0,0,0,0,0,0,0,0,0,0,0,0,0,0,0,0,0,0,0,0,0,0,0,0,0,0,0,0,0,0,0
112,0,0,0,0,0,0,0,0,0,0,0,0,0,0.002380952472,0,0,0,0,0,0,0,0,0,0,0,0,0,0,0,0,0,0,0,0,0,0,0,0,0,0,0,0,0,0,0,0,0,0,0,0,0,0,0,0,0,0,0,0,0,0,0,0,0,0,0,0,0,0,0,0,0,0,0.05514276028,0,0,0,0,0,0,0,0,0,0,0.002380952472,0.02222962864,0,0,0,0,0,0,0,0,0,0,0,0,0,0,0,0,0,0,0,0,0,0,0,0,0,0,0,0,0,0,0,0,0,0,0,0,0,0,0,0,0,0,0,0,0,0,0,0,0,0,0,0,0,0,0,0,0,0
113,0,0,1.260755471e-05,0,0,0,0,0,8.632239769e-06,0,5.005303319e-05,0,0.002402588958,0.01221537217,0,3.335426663e-05,0,0,0,0,0,0,0,0,0,0,0,0,0,0,0,0,0,0,0,0,0,0,0,0,0,0,0,0.001542713493,0.001898779068,0.0004328548384,0.0002871149336,0,7.93733343e-05,0,0,3.237507553e-05,0,0,0,0,0,0,0,0,0,0,0,0,0,0,7.663699216e-05,0,0.0002452015178,0,0,0,0.3713276982,0,0,0.0002022408735,0,0,0,0,0,6.390670478e-06,0,0.0009448259952,0.05222858861,0.0001508240093,0.0006788891042,0,0,0,0,0,0,0,0,0,0,0,0,0,0,0,0,0,0,0,0,0,0,0,0,0,0,0,0,0,0,0,0,0,0,0,0,0,0,0,0,0,0,0,0,0,0,0,0,0,0,0,0,0,0,0,0
114,0,0,0,0,0,0,0,0,7.137085049e-06,0,0,0,0.002762997523,0.01004697103,0,2.613813922e-05,0,0,0,0,0,0,0,0,0,0,0,0,0,0,0,0,0,0,0,0,0,0,0,0,0,0,0,0.000638329715,0,0,0.0006278993096,0,0.0005511736963,0,0,1.049782531e-05,0,0,0,0,0,0,0,0.0001319152507,0,0,0,0,0,0,0,0,0.0003906871134,0,0,0,0.3499962091,0,0,0,0,0,0,0,0,0,0,0.0005099850241,0.035155233,0,0,0,0,0,0,0,0,0,0,0,0,0,0,0,0,0,0,0,0,0,0,0,0,0,0,0,0,0,0,0,0,0,0,0,0,0,0,0,0,0,0,0,0,0,0,0,0,0,0,0,0,0,0,0,0,0,0
115,0,0,0,0,0,0,0,0,0,0,0,0,0,0,0,0,0,0,0,0,0,0,0,0,0,0,0,0,0,0,0,0,0,0,0,0,0,0,0,0,0,0,0,0,0,0,0,0,0,0,0,0,0,0,0,0,0,0,0,0,0,0,0,0,0,0,0,0,0,0,0,0,0.1680325419,0,0,0,0,0,0,0,0,0,0,0,0.01021652948,0,0,0,0,0,0,0,0,0,0,0,0,0,0,0,0,0,0,0,0,0,0,0,0,0,0,0,0,0,0,0,0,0,0,0,0,0,0,0,0,0,0,0,0,0,0,0,0,0,0,0,0,0,0,0,0,0,0
116,0,0,0,0,0,0,0,0,1.436842103e-05,0,0,0,0.00153793057,0.002241467126,0,0,0,0,0,0,0,0,0,0,0,0,0,0,0,0,0,0,0,0,0,0,0,0,0,0,0,0,0,0.003680593567,0,0,0,0,0,0,0,0.0002838959044,0,0,0,0,0,0,0,0,0,0,0,0,0,0,0,0,0,0,0,0,0.2066430598,0,0,0,0,0,0,0,0,0,0,0.0001205477165,0.05044094846,0,0,0,0,0,0,0,0,0,0,0,0,0,0,0,0,0,0,0,0,0,0,0,0,0,0,0,0,0,0,0,0,0,0,0,0,0,0,0,0,0,0,0,0,0,0,0,0,0,0,0,0,0,0,0,0,0,0
117,0,0,0,0,0,0,0,0,0,0,0,0,0.0032236306,0.006145236082,0,0,0,0,0,0,0,0,0,0,0,0,0,0,0,0,0,0,0,0,0,0,0,0,0,0,0,0,0,0.002380952472,0,0.0008099887636,0,0,0,0.0006966391229,0,0,0,0,0,0,0,0,0,0,0,0,0,0,0,0,0,0,2.624139779e-05,0,0,0,0.2475061119,0,0,0,0,0,0,0,0,0,0,0.0001056970286,0.02632420138,0,0.002380952472,0,0,0,0,0,0,0,0,0,0,0,0,0,0,0,0,0,0,0,0,0,0,0,0,0,0,0,0,0,0,0,0,0,0,0,0,0,0,0,0,0,0,0,0,0,0,0,0,0,0,0,0,0,0,0,0
118,0,0,0,0,0,0,0,0,1.759597399e-05,0,0,0,0.002286369912,0.008080288768,0,0,0,0,0,0,0,0,0,0,0,0,0,0,0,0,0,0,0,0,0,0,0,0,0,0,0,0,0,0.0004614842182,0,0,0,0,0,0,0,0,0,0,0,0,0,0,0,0,0,0,0,0,0,0,0,0,5.400774535e-05,0,0,0.0001686466276,0.3520658612,0,0,0,0,0,0,0,0,0,0,0.0003517032892,0.05326031521,0,0,0,0,0,0,0,0,0,0,0,0,0,0,0,0,0,0,0,0,0,0,0,0,0,0,0,0,0,0,0,0,0,0,0,0,0,0,0,0,0,0,0,0,0,0,0,0,0,0,0,0,0,0,0,0,0,0
119,0,0,0,0,0,0,0,0,0,0,0,0,0,0,0,0,0,0,0,0,0,0,0,0,0,0,0,0,0,0,0,0,0,0,0,0,0,0,0,0,0,0,0,0,0,0,0,0,0,0,0,0,0,0,0,0,0,0,0,0,0,0,0,0,0,0,0,0,0,0,0,0,0.08833190799,0,0,0,0,0,0,0,0,0,0,0,0.01773526147,0,0,0,0,0,0,0,0,0,0,0,0,0,0,0,0,0,0,0,0,0,0,0,0,0,0,0,0,0,0,0,0,0,0,0,0,0,0,0,0,0,0,0,0,0,0,0,0,0,0,0,0,0,0,0,0,0,0
120,0,0,0,0,0,0,0,0,0,0,0,0,0.001213324256,0.004761904944,0,6.921992463e-05,0,0,0,0,0,0,0,0,0,0,0,0,0,0,0,0,0,0,0,0,0,0,0,0,0,0,0,0.002380952472,0,0,0,0,0,0,0,0,0,0,0,0,0,0,0,0,0,0,0,0,0,0,0,0,3.321326949e-05,0,0,0,0.1322441548,0,0,0,0,0,0,0,0,0,0,0.0002788061975,0.04078318551,0,0,0,0,0,0,0,0,0,0,0,0,0,0,0,0,0,0,0,0,0,0,0,0,0,0,0,0,0,0,0,0,0,0,0,0,0,0,0,0,0,0,0,0,0,0,0,0,0,0,0,0,0,0,0,0,0,0
121,0,0,0,0,0,0,0,0,0,0,0,0,0.005849444307,0,0,0,0,0,0,0,0,0,0,0,0,0,0,0,0,0,0,0,0,0,0,0,0,0,0,0,0,0,0,0.0001404276845,0,0,0,0,0,0,0,0.0002239393943,0,0,0,0,0,0,0,0,0,0,0,0,0,0,0,0,1.207345122e-05,0,0,0.0006836563116,0.2357340008,0,0,0,0,0,0,0,0,0,0,0,0.05483064428,0,0,0,0,0,0,0,0,0,0,0,0,0,0,0,0,0,0,0,0,0,0,0,0,0,0,0,0,0,0,0,0,0,0,0,0,0,0,0,0,0,0,0,0,0,0,0,0,0,0,0,0,0,0,0,0,0,0
122,0,0,0,0,0,0,0,0,2.729315929e-05,0,0,0,0.007605509833,0.004761904944,0,0,0,0,0,0,0,0,0,0,0,0,0,0,0,0,0,0,0,0,0,0,0,0,0,0,0,0,0,0.0002344799286,0.0006536131841,0,0,0,0,0,0,0,0,0,0,0,0,0,0,0.0009848090122,0,0,0,0,0,0,0,0,1.69132727e-05,0,0,0.001128142932,0.2715077102,0,0,0,0,0,0,0,0,1.344221982e-05,0,0.0002226512443,0.03624023497,0,0.002380952472,0,0,0,0,0,0,0,0,0,0,0,0,0,0,0,0,0,0,0,0,0,0,0,0,0,0,0,0,0,0,0,0,0,0,0,0,0,0,0,0,0,0,0,0,0,0,0,0,0,0,0,0,0,0,0,0
123,0,0,0,0,0,0,0,0,0,0,0,0,0.002883753506,0.008234621957,0,0,0,0,0,0,0,0,0,0,0,0,0,0,0,0,0,0,0,0,0,0,0,0,0,0,0,0,0,0.0004488404957,0,0,0,0,0,0,0,0,0,0,0,0,0,0,0,0,0,0,0,0,0,0,0,0,2.068288995e-05,0,0,0.003191695781,0.1860634983,0,0,0,0,0,0,0,0,0,0,7.600371464e-05,0.06442503631,0,0,0,0,0,0,0,0,0,0,0,0,0,0,0,0,0,0,0,0,0,0,0,0,0,0,0,0,0,0,0,0,0,0,0,0,0,0,0,0,0,0,0,0,0,0,0,0,0,0,0,0,0,0,0,0,0,0
124,0,0,0,0,0,0,0,0,0,0,0,0,0.0033630135,0.003711991245,0,0,0,0,0,0,0,0,0,0,0,0,0,0,0,0,0,0,0,0,0,0,0,0,0,0,0,0,0,0.002380952472,0,0,0,0,0,0,0,0,0,0,0,0,0,0,0,0,0,0,0,0,0,0,0,0,0.003974815365,0,0,0.000958622375,0.398789227,0,0,0,0,0,0,0,0,0,0,0.003122820752,0.1800496727,0,7.187511801e-05,0,0,0,0,0,0,0,0,0,0,0,0,0,0,0,0,0,0,0,0,0,0,0,0,0,0,0,0,0,0,0,0,0,0,0,0,0,0,0,0,0,0,0,0,0,0,0,0,0,0,0,0,0,0,0,0
125,0,0,0,0,0,0,0,0,0.0001677741529,0,1.366849756e-05,0,0.006101447158,0.007211900782,0,0,0,0,0,0,0,0,0,0,0,0,0,0,0,0,0,0,0,0,0,0,0,0,0,0,0,0,0,0.001678213128,6.743882841e-05,0.0003101757029,0,3.510779061e-05,0,0,0,0.0002710905101,0,0,0,0,0,0,0,0.0009431743529,0,0,0,0,0,0,0,0.002655067947,0.0001882824436,0,0,0.0001675962558,0.438913554,0,0.000232888895,0,0,0,0.00173501065,0,0,0,0,0.002814770676,0.08977728337,0,0.0001357760048,0,0,0,0,0,0,0,0,0,0,0,0,0,0,0,0,0,0,0,0,0,0,0,0,0,0,0,0,0,0,0,0,0,0,0,0,0,0,0,0,0,0,0,0,0,0,0,0,0,0,0,0,0,0,0,0
126,0,0,0,0,0,0,0,0,9.170299018e-05,0,0.0001195107907,0,0.002691554837,0.002380952472,0,0,0,0,0,0,0,0,0,0,0,0,0,0,0,0,0,0,0,0,0,0,0,0,0,0,0,0,0,0,0.0005327048711,0,0,0,0,0,0,0,0,0,0,0,0,0,0,0,0,0,0,0,0,0,0,0,2.57734664e-05,0,0,0,0.3378288746,0,0,0,0,0,0,0,0,0,0,0.001125903684,0.04863870889,0,0,0,0,0,0,0.0001431906276,0,0,0,0,0,0,0,0,0,0,0,0,0,0,0,0,0,0,0,0,0,0,0,0,0,0,0,0,0,0,0,0,0,0,0,0,0,0,0,0,0,0,0,0,0,0,0,0,0,0,0
127,0,0,0,0,0,0,0,0,1.16570136e-05,0,0,0,0.001080772839,0.002245507902,0,4.812253974e-05,0,0,0,0,0,0,0,0,0,0,0,0,0,0,0,0,0,0,0,0,0,0,0,0,0,0,0,0,0,0,0,0,0,0,0,0,0,0,0,0,0,0,0,0,0,0,0,0,0,0,0,0,0,0,0,0,0.3006407619,0,0.0002308124967,0,0,0,0,0,0,0,0,0.000306521164,0.0448762849,0,0,0,0,0,0,0,0,0,0,0,0,0,0,0,0,0,0,0,0,0,0,0,0,0,0,0,0,0,0,0,0,0,0,0,0,0,0,0,0,0,0,0,0,0,0,0,0,0,0,0,0,0,0,0,0,0,0
128,0,0,0,0,0,0,0,0,0,0,0,0,0.001360838651,0,0,0,0,0,0,0,0,0,0,0,0,0,0,0,0,0,0,0,0,0,0,0,0,0,0,0,0,0,0,0,0,0,0,0,0,0,0,0,0,0,0,0,0,0,0,0,0,0,0,0,0,0,0,0,0,0,0,0.000135315262,0.1332110763,0,0,0,0,0,0,0,0,0,0,0.0006685495027,0.035103634,0,0,0,0,0,0,0,0,0,0,0,0,0,0,0,0,0,0,0,0,0,0,0,0,0,0,0,0,0,0,0,0,0,0,0,0,0,0,0,0,0,0,0,0,0,0,0,0,0,0,0,0,0,0,0,0,0,0
129,0,0,0,0,0,0,0,0,2.643434891e-05,0,3.916540663e-05,0,0.003801477375,0.01037711557,0,3.191295036e-05,0,0,0,0,0,0,0,0,0,0,0,0,0,0,0,0,0,0,0,0,0,0,0,0,0,0,0,0.0002910798648,3.692094469e-05,1.432640147e-05,3.837467739e-05,0,0,0,0,1.67312628e-05,0,0,0,0,0,0,0,5.974859232e-05,0,0,2.333913699e-06,0,0,0,0,6.315828068e-05,0.0001202409258,0,0,0.0007392273401,0.3601282239,0.0004906902323,0,0,0,0,0,0,0,0,0,0.0008956930251,0.06539670378,0.0003886628547,0.0002448193554,0,0,0,0,0,0,0,0,0,0,0,0,0,0,0,0,0,0,0,0,0,0,0,0,0,0,0,0,0,0,0,0,0,0,0,0,0,0,0,0,0,0,0,0,0,0,0,0,0,0,0,0,0,0,0,0
130,0,0,0,0,0,0,0,0,3.095244028e-05,0,7.447476673e-05,0,0.008787636645,0.007216126658,0,0.000406923471,0,0,0,0,0,0,0,0,0,0,0,0,0,0,0,0,0,0,0,0,0,0,0,0,0,0,0,0.0004464323574,0.002022544853,0,0,0,0,0,0,0,0,0,0,0,0.0001028155166,0,0,0,0,0,0,0,0,0,0,0,3.790234405e-05,0,0,0.001184857101,0.3307701647,0,1.594230889e-05,0,0,0,0,0,0,0,0,0.0006671213778,0.04277961701,0.0002467018203,0.000386519474,0,0,0,0,0,0,0,0,0,0,0,0,0,0,0,0,0,0,0,0,0,0,0,0,0,0,0,0,0,0,0,0,0,0,0,0,0,0,0,0,0,0,0,0,0,0,0,0,0,0,0,0,0,0,0,0
131,0,0,0,0,0,0,0,0,0,0,1.422263904e-05,0,0.001600854797,0.003823862877,0,0,0,0,0,0,0,0,0,0,0,0,0,0,0,0,0,0,0,0,0,0,0,0,0,0,0,0,0,0.0006727870787,0,9.021064034e-05,0,0,0,0,0,0,0,0,0,0,0,0,0,0,0,0,0,0,0,0,0,0,0,0,0,0.0002266458905,0.3819733262,0,0,0,0,0,0,0,0,0,0,0.0005686438526,0.06580136716,0,0,0,0,0,0,0,0,0,0,0,0,0,0,0,0,0,0,0,0,0,0,0,0,0,0,0,0,0,0,0,0,0,0,0,0,0,0,0,0,0,0,0,0,0,0,0,0,0,0,0,0,0,0,0,0,0,0
132,0,0,0,0,0,0,0,0,0,0,0,0,0.00345534971,0,0,0,0,0,0,0,0,0,0,0,0,0,0,0,0,0,0,0,0,0,0,0,0,0,0,0,0,0,0,0,0,0,0,0,0,0.000301197957,0,0,0,0,0,0,0,0,0,0,0,0,0,0,0,0,0,0,0,0,0,0,0.2528700829,0,0,0,0,0,0,0,0,0,0,0.0007820432074,0.0393551439,0,0,0,0,0,0,0,0,0,0,0,0,0,0,0,0,0,0,0,0,0,0,0,0,0,0,0,0,0,0,0,0,0,0,0,0,0,0,0,0,0,0,0,0,0,0,0,0,0,0,0,0,0,0,0,0,0,0
133,0,0,0,0,0,0,0,0,0,0,0,0,0.002894304227,0.002380952472,0,0,0,0,0,0,0,0,0,0,0,0,0,0,0,0,0,0,0,0,0,0,0,0,0,0,0,0,0,0,0,0,0,0,0,0,0,0,0,0,0,0,0,0,0,0,0,0,0,0,0,0,0,0,0,0,0,0,0.1495828331,0,0,0,0,0,0,0,0,0,0,8.437184442e-05,0.0387057215,0,0,0,0,0,0,0,0,0,0,0,0,0,0,0,0,0,0,0,0,0,0,0,0,0,0,0,0,0,0,0,0,0,0,0,0,0,0,0,0,0,0,0,0,0,0,0,0,0,0,0,0,0,0,0,0,0,0
134,0,0,0,0,0,0,0,0,5.313261499e-05,0,0,0,0.003810819238,0.004574462771,0.002380952472,0,0,0,0,0,0,0,0,0,0,0,0,0,0,0,0,0,0,0,0,0,0,0,0,0,0,0,0,0.0001557816286,0,0,0,0,0,0,0,0,0,0,0,0,0,0,0,0.000536729407,0,0,0,0,0,0,0,0,1.546680505e-05,0,0,0.0006463159807,0.3223905265,0,0,0,0,0,0,0,0,0,0,0.001692970749,0.05250809714,0.0003710835881,0,0,0,0,0,0,0,0,0,0,0,0,0,0,0,0,0,0,0,0,0,0,0,0,0,0,0,0,0,0,0,0,0,0,0,0,0,0,0,0,0,0,0,0,0,0,0,0,0,0,0,0,0,0,0,0,0
135,0,0,0,0,0,0,0,0,0,0,0,0,0.003756989259,0,0,0,0,0,0,0,0,0,0,0,0,0,0,0,0,0,0,0,0,0,0,0,0,0,0,0,0,0,0,0.001661538612,0,0,0,0,0,0,0,0,0,0,0,0,0,0,0,0,0,0,0,0,0,0,0,0,0,0,0,0.0004703757004,0.20156838,0,0,0,0,0,0,0,0,0,0,0,0.03337979317,0,0,0,0,0,0,0,0,0,0,0,0,0,0,0,0,0,0,0,0,0,0,0,0,0,0,0,0,0,0,0,0,0,0,0,0,0,0,0,0,0,0,0,0,0,0,0,0,0,0,0,0,0,0,0,0,0,0
136,0,0,0,0,0,0,0,0,0,0,0,0,0.003568799468,0.002380952472,0,0,0,0,0,0,0,0,0,0,0,0,0,0,0,0,0,0,0,0,0,0,0,0,0,0,0,0,0,0,0,0,0,0,0,0,0,0,0,0,0,0,0,0,0,0,0,0,0,0,0,0,0,0,0,0,0,0.000271740777,0.2213316262,0,0,0,0,0,0,0,0,0,0,0.0002236783766,0.04764926434,0,0,0,0,0,0,0,0,0,0,0,0,0,0,0,0,0,0,0,0,0,0,0,0,0,0,0,0,0,0,0,0,0,0,0,0,0,0,0,0,0,0,0,0,0,0,0,0,0,0,0,0,0,0,0,0,0,0
137,0,0,0,0,0,0,0,0,0,0,3.168796184e-06,0,0.009035276249,0.006108218804,0,0,0,0,0,0,0,0,0,0,0,0,0,0,0,0,0,0,0,0,0,0,0,0,0,0,0,0,0,0.00282053533,0,0,0,0,0,0,0,0,0,0,0,0,0,0,0,0,0,0,0,0,0,0,0,0,0,0,0,0.0006731365575,0.4592924714,0,0,0,0,0,0,0,0,0,0,0.001613364089,0.151033178,0,2.495723675e-05,0,0,0,0,0,0,0,0,0,0,0,0,0,0,0,0,0,0,0,0,0,0,0,0,0,0,0,0,0,0,0,0,0,0,0,0,0,0,0,0,0,0,0,0,0,0,0,0,0,0,0,0,0,0,0,0
138,0,0,0,0,0,0,0,0,0,0,0,0,0.009406158701,0.00327773625,0,0,0,0,0,0,0,0,0,0,0,0,0,0,0,0,0,0,0,0,0,0,0,0,0,0,0,0,0,0.0002691654372,0,0,0,0,0,0,0,0,0,0,0,0,0,0,0,0.001441616449,0,0,0,0,0,0,0,0,8.076646191e-05,0,0,0.0004174128699,0.3644747138,0,0,0,0,0,0,0,0,0,0,0.0008767986437,0.1196064875,0,6.960243809e-06,0,0,0,0,0,0,0,0,0,0,0,0,0,0,0,0,0,0,0,0,0,0,0,0,0,0,0,0,0,0,0,0,0,0,0,0,0,0,0,0,0,0,0,0,0,0,0,0,0,0,0,0,0,0,0,0
139,0,0,0,0,0,0,0,0,0,0,0,0,0.005600466859,0.007627523039,0,2.605810369e-05,0,0,0,0,0,0,0,0,0,0,0,0,0,0,0,0,0,0,0,0,0,0,0,0,0,0,0,0.0002038714447,0.002380952472,0,0,0,0,0,0,0,0,0,0,0,0,0,0,0,0,0,0,0,0,0,0,0,1.057547433e-05,0,0,0.0003630891151,0.2351489365,0,0,0,0,0,0,0,0,0,0,0.000171535954,0.1022254825,0,0,0,0,0,0,0,0,0,0,0,0,0,0,0,0,0,0,0,0,0,0,0,0,0,0,0,0,0,0,0,0,0,0,0,0,0,0,0,0,0,0,0,0,0,0,0,0,0,0,0,0,0,0,0,0,0,0
140,0,0,0,0,0,0,0,0,0,0,0,0,0.001218919759,0,0,0,0,0,0,0,0,0,0,0,0,0,0,0,0,0,0,0,0,0,0,0,0,0,0,0,0,0,0,0,0,0,0,0,0,0,0,0,0,0,0,0,0,0,0,0,0,0,0,0,0,0,0,0,0,0,0,0,0.1619132012,0,0,0,0,0,0,0,0,0,0,0,0.04079465568,0,0,0,0,0,0,0,0,0,0,0,0,0,0,0,0,0,0,0,0,0,0,0,0,0,0,0,0,0,0,0,0,0,0,0,0,0,0,0,0,0,0,0,0,0,0,0,0,0,0,0,0,0,0,0,0,0,0
141,0,0,0,0,0,0,0,0,3.845758783e-06,0,1.909901948e-05,0,0.001122658257,0.004761904944,0,6.011153891e-05,0,0,0,0,0,0,0,0,0,0,0,0,0,0,0,0,0,0,0,0,0,0,0,0,0,0,0,0.0006381512503,0,0,0,0,0,0,0,0,0,0,0,0,0,0,0,0,0,0,0,0,0,0,0,0,0,0,0,0,0.1782538891,0,0,0,0,0,0,0,0,0,0,0,0.03465934098,0,0,0,0,0,0,0,0,0,0,0,0,0,0,0,0,0,0,0,0,0,0,0,0,0,0,0,0,0,0,0,0,0,0,0,0,0,0,0,0,0,0,0,0,0,0,0,0,0,0,0,0,0,0,0,0,0,0
142,0,0,0,0,0,0,0,0,0.0001091392478,0,9.679140203e-05,0,0.007871674374,0.02282793075,0,6.208018749e-05,0,0,0,0,0,0,0,0,0,0,0,0,0,0,0,0,0,0,0,0,0,0,0,0,0,0,0,0.0005263159401,0,0.0003392179497,5.273723673e-06,0,0,6.323451544e-06,0,7.127092977e-05,0,0,0,0,0,0,0,0,0,0,0,0,0,0,0,0,5.088089529e-05,0,0,0,0.3462027311,0,0,0,0,0,0,0,0,0,0,0.002028923715,0.07012619823,0.0002739886404,0,0,0,0,0,0,0,0,0,0,0,0,0,0,0,0,0,0,0,0,0,0,0,0,0,0,0,0,0,0,0,0,0,0,0,0,0,0,0,0,0,0,0,0,0,0,0,0,0,0,0,0,0,0,0,0,0
143,0,0,0,0,0,0,0,0,1.826896005e-05,0,2.49728746e-05,0,0.00288207503,0.007697061636,0,3.670018123e-05,0,0,0,0,0,0,0,0,0,0,0,0,0,0,0,0,0,0,0,0,0,0,0,0,0,0,0,0.0005725305527,0.0002922989952,0,4.394731513e-05,0.0001073091044,1.265893025e-05,0,0,2.645515451e-05,0,0,0,0,0,0,0,0,0,0,1.558387794e-06,0,0,5.501837222e-05,0,0,0.0001120619709,0,0,0.002380952472,0.3789048791,0,2.923584907e-05,0,0,0,0,1.834094178e-06,0,0,0,0.0006392711075,0.05467459187,7.131082384e-05,0.002496984322,0.000645266904,0,0,0,0,0,0,0,0,0,0,0,0,0,0,0,0,0,0,0,0,0,0,0,0,0,0,0,0,0,0,0,0,0,0,0,0,0,0,0,0,0,0,0,0,0,0,0,0,0,0,0,0,0,0,0
